url,label
https://usps.com/blog/2025/09/article,0
https://slack.com/checkout/cart,0
https://usa.gov/login,0
http://security-check-ebay-recover-75oe.cf/login,1
http://billing-amazon-account-1kae.xyz/signin,1
http://xn--bankofamerica-8ocz.tk/invoice,1
https://nytimes.com/help/faq,0
http://signin-login-paypal-service-2pz.quest/signin/login.html,1
https://zoom.us/products,0
https://bbc.com,0
http://bankofammerica.net/recover,1
https://docs.canva.com/home,0
http://xn--paypal-qnto.loan/unlock,1
http://linkeedin.com/update,1
http://auth-kinz.click/click?goto=http://dropbox-unlock.click,1
http://web-j8xp.loan/click?goto=http://microsoft-wallet.loan,1
http://online-6ydd.xyz/click?redirect=http://bankofamerica-signin.xyz,1
https://slack.com/products,0
https://khanacademy.org/pricing,0
https://khanacademy.org,0
http://account-wallet-outlook-online-l7j.icu/account/wallet.html,1
https://api.youtube.com/home,0
http://xn--google-thrx.quest/wallet,1
https://twitch.tv/docs/api/v2,0
https://shopify.com?page=7cs1,0
http://recover-support-facebook-id-zmi.quest/recover/support.html,1
http://2lhpa3ripx-hrly.men/recover,1
https://dropbox.com/user/settings,0
http://netflix.recover-ggv8r.xyz/account,1
https://support.khanacademy.org/checkout/cart,0
http://reset-whatsapp-iuwz.link/download/invoice.zip,1
https://zoom.us/search?q=test,0
http://havpns2bq5-t4yt.link/account,1
http://session-mio6.work/click?dest=http://outlook-security-check.work,1
https://nytimes.com/,0
https://booking.com/support/tickets/123?lang=dant,0
https://amazon.com/help/faq,0
http://feedex.net/billing,1
http://tinyurl.com/c4r8ka5,1
https://shopify.com/docs/api/v2,0
https://docs.fedex.com/about,0
http://suspend-verification-whatsapp-center-gfb.icu/suspend/verification.html,1
http://login-wellsfargo-update-plai.buzz/signin,1
https://www.shopify.com/pricing?lang=4700,0
https://api.who.int/contact-us,0
http://77.45.212.228/netflix/suspend.php,1
http://170.48.224.227/ebay/alert.php,1
http://account-coinbase-hvkp.tk/download/invoice.jar,1
http://xn--ebay-205u.buzz/billing,1
http://verification-dhl-58re.gq/download/invoice.scr,1
http://whatsapp.reset-34xxe.com-secure.net/account,1
http://verify-adobe-5dtv.buzz/download/invoice.msi,1
http://xn--microsoft-ac0b.club/signin,1
http://rebrand.ly/gkwbhzp,1
http://64.2.100.199/microsoft/security-check.php,1
https://youtube.com/help/faq,0
http://xn--amazon-v371.buzz/verify,1
http://bit.ly/9h9yww7,1
https://google.com/careers,0
http://web-xdx8.tk/click?url=http://instagram-update.tk,1
http://qc61xslsp9-lyi9.quest/recover,1
http://tinyurl.com/huuenau,1
https://chase.com/products,0
http://online-8n21.quest/click?dest=http://fedex-unlock.quest,1
https://reddit.com/about,0
http://alert-signin-bankofamerica-help-8we.loan/alert/signin.html,1
http://portal-ib62.gq/click?goto=http://coinbase-wallet.gq,1
http://verify-update-dhl-online-s6c.quest/verify/update.html,1
http://confirm-account-linkedin-help-urs.loan/confirm/account.html,1
https://salesforce.com/user/settings,0
http://7xt1gpa83m-a84i.link/unlock,1
https://youtube.com/docs/api/v2,0
https://coinbase.com/blog/2025/09/article?lang=ldh6,0
http://tinyurl.com/bjzyxz8,1
https://netflix.com/pricing,0
https://twitch.tv/contact-us,0
http://paypal.login-fuwmj.com-secure.net/account,1
https://microsoft.com/help/faq,0
https://usps.com/about,0
https://docs.usa.gov/support/tickets/123,0
https://api.reddit.com/checkout/cart,0
http://billing-irs-suspend-c21z.cf/login,1
https://github.com/login,0
http://bankofamerica.invoice-3xr6a.com-secure.net/account,1
https://amazon.com/pricing?lang=ii49,0
http://xn--coinbase-32jj.buzz/recover,1
https://wellsfargo.com/home,0
http://aplpe.com/invoice,1
https://dropbox.com/support/tickets/123,0
https://salesforce.com/about,0
http://amazon.verification-kpfxw.info/account,1
https://khanacademy.org/support/tickets/123,0
https://microsoft.com/login,0
https://api.slack.com/blog/2025/09/article,0
http://cutt.ly/goi40f3,1
https://usa.gov/docs/api/v2,0
https://ebay.com/products,0
https://api.harvard.edu/,0
http://fac3book.com/verification,1
http://login-signin-wellsfargo-online-kwm.monster/login/signin.html,1
http://unlock-security-check-usps-auth-oqb.xyz/unlock/security-check.html,1
https://usps.com?id=7v0v,0
http://xn--chase-4nin.gq/confirm,1
https://apple.com/user/settings,0
http://j8asr9x6yk-mqvm.link/recover,1
https://bankofamerica.com/pricing?id=q9lv,0
http://p8v5o19beg-io0c.buzz/alert,1
http://unlock-coinbase-verify-dsx7.tk/verify,1
https://netflix.com/careers,0
https://canva.com/,0
http://u5ps.com/verify,1
http://70.16.7.131/paypal/update.php,1
http://verify-secure-instagram-session-cc0.work/verify/secure.html,1
http://rebrand.ly/hoc8eb4,1
http://app-rvab.club/click?redirect=http://apple-signin.club,1
https://support.notion.so/checkout/cart,0
http://usps.support-6jsjy.info/account,1
http://session-nhih.monster/click?next=http://paypal-update.monster,1
https://google.com/help/faq,0
https://spotify.com/search?q=test,0
https://google.com/account/profile,0
http://innstagram.net/invoice,1
http://cgyvw1io69-5766.men/billing,1
https://google.com/search?q=test,0
http://auth-7i9b.tk/click?url=http://adobe-unlock.tk,1
http://xn--chase-rfp8.click/secure,1
https://fedex.com/user/settings,0
https://microsoft.com/products,0
http://recover-whatsapp-unlock-x610.ml/signin,1
http://alert-usps-recover-9x0z.top/verify,1
https://stackoverflow.com/checkout/cart,0
https://apple.com/account/profile,0
https://netflix.com/careers,0
https://coinbase.com/search?q=test,0
https://github.com,0
http://suspend-whatsapp-reset-riyq.quest/signin,1
https://booking.com/home,0
http://login-fedex-recover-yi11.rest/signin,1
http://xn--microsoft-llm5.rest/account,1
https://spotify.com/support/tickets/123,0
https://wordpress.com/about,0
http://y6ye1nrifl-vsxb.rest/billing,1
http://account-dropbox-drdh.quest/download/invoice.exe,1
http://120.39.112.83/instagram/security-check.php,1
http://100.115.185.204/dropbox/unlock.php,1
http://21.63.20.4/paypal/alert.php,1
http://xn--dropbox-keqb.rest/recover,1
https://stackoverflow.com/docs/api/v2,0
http://unlock-verification-instagram-web-zvc.gq/unlock/verification.html,1
http://qvwd169l1g-5519.work/account,1
http://xn--facebook-lchv.link/suspend,1
http://unlock-amazon-9ssv.top/download/invoice.msi,1
https://wordpress.com/products,0
https://support.dropbox.com/user/settings?lang=mjqu,0
https://wordpress.com/products,0
https://shopify.com/about,0
http://dropbox.suspend-x05qd.xyz/account,1
http://security-check-alert-chase-service-y1z.top/security-check/alert.html,1
http://id-nlak.monster/click?next=http://linkedin-recover.monster,1
https://dropbox.com/careers,0
https://figma.com/careers,0
https://nytimes.com/news/today,0
http://xn--paypal-hfwk.click/secure,1
https://mit.edu/contact-us,0
http://confirm-amazon-89un.cf/download/invoice.msi,1
http://h2t0unuo46-dg6g.club/unlock,1
https://linkedin.com/blog/2025/09/article,0
https://mail.fedex.com/docs/api/v2?lang=xd45,0
http://85.123.40.63/dhl/account.php,1
http://service-784d.quest/click?continue=http://usps-update.quest,1
https://youtube.com/contact-us,0
http://xn--outlook-c8ag.icu/secure,1
http://xn--paypal-t1hi.cf/account,1
http://secure-signin-dropbox-id-edf.top/secure/signin.html,1
https://wordpress.com/,0
https://netflix.com/search?q=test,0
http://secure-microsoft-1lx3.loan/download/invoice.jar,1
https://slack.com/blog/2025/09/article,0
http://invoice-bankofamerica-uu30.loan/download/invoice.msi,1
https://mail.wellsfargo.com/home,0
http://ragyoyghl7-t5g7.ml/update,1
https://usa.gov/news/today,0
http://security-check-dhl-confirm-ke5w.rest/login,1
http://center-svwn.buzz/click?url=http://chase-secure.buzz,1
https://figma.com/help/faq,0
http://gogle.win/unlock,1
http://confirm-amazon-secure-qj50.rest/login,1
https://shop.github.com/account/profile,0
http://11.231.199.195/apple/alert.php,1
https://wikipedia.org/home,0
http://xn--ebay-c0sy.men/account,1
https://netflix.com/about,0
https://cloudflare.com/support/tickets/123,0
http://xn--amazon-j7jt.icu/wallet,1
http://billing-chase-security-check-z33x.win/login,1
http://11.92.16.235/chase/confirm.php,1
http://app-ljwv.loan/click?redirect=http://netflix-reset.loan,1
https://who.int/products,0
http://dhli.com/unlock,1
http://unlock-account-instagram-online-cn1.men/unlock/account.html,1
https://google.com/products,0
http://adobe.verification-yzgil.com-secure.net/account,1
http://rebrand.ly/mgaucul,1
https://coinbase.com/account/profile,0
http://app-fv78.monster/click?dest=http://adobe-verify.monster,1
https://github.com/about,0
http://8g1w5byc5f-4q8f.ml/security-check,1
http://xn--dropbox-q70k.quest/alert,1
http://suspend-dhl-m9x8.men/download/invoice.jar,1
http://chase.support-vp4cu.info/account,1
https://nytimes.com/pricing,0
http://xn--wellsfargo-jcu0.icu/suspend,1
https://www.wellsfargo.com/pricing,0
http://vuk6tisfc4-tdi5.tk/recover,1
http://234.242.88.100/fedex/security-check.php,1
http://alert-whatsapp-9x5v.win/download/invoice.scr,1
https://shop.netflix.com/user/settings,0
http://online-403w.cf/click?redirect=http://dhl-secure.cf,1
https://mail.github.com/help/faq?page=c316,0
http://mircosoft.com/billing,1
https://bbc.com,0
http://xn--microsoft-74ye.xyz/login,1
https://wordpress.com/account/profile,0
http://wallet-wallet-ebay-service-rld.quest/wallet/wallet.html,1
http://verify-verification-instagram-app-kn5.click/verify/verification.html,1
http://gdkuylw89z-4iqa.cf/invoice,1
http://whatsapp.verify-nq8tn.com-secure.net/account,1
https://slack.com/login,0
https://ebay.com/home,0
http://unlock-billing-chase-team-5hl.xyz/unlock/billing.html,1
https://wellsfargo.com/blog/2025/09/article,0
https://booking.com/about,0
https://khanacademy.org/login,0
http://34.148.111.103/chase/support.php,1
https://coinbase.com/user/settings,0
http://update-update-amazon-session-25w.tk/update/update.html,1
https://youtube.com,0
http://session-9w0p.tk/click?redirect=http://fedex-security-check.tk,1
https://coursera.org/blog/2025/09/article,0
https://microsoft.com/contact-us,0
http://xn--facebook-n5qx.monster/suspend,1
https://shop.mit.edu/blog/2025/09/article,0
https://slack.com/help/faq,0
http://team-txjt.icu/click?continue=http://dhl-billing.icu,1
http://suspend-recover-ebay-center-jod.icu/suspend/recover.html,1
http://osqpeq84il-wx36.ml/support,1
http://7qhmb8b76j-nxhn.monster/secure,1
https://linkedin.com/,0
http://payppal.com/verify,1
https://shopify.com/checkout/cart,0
https://wordpress.com/checkout/cart,0
https://paypal.com/careers,0
https://medium.com/pricing,0
https://google.com/account/profile,0
http://suspend-paypal-c87c.win/download/invoice.apk,1
http://142.5.214.199/fedex/alert.php,1
https://apple.com/,0
http://dhlu.net/billing,1
https://docs.harvard.edu/contact-us,0
http://gont6tu74g-tnju.monster/account,1
https://irs.gov/user/settings,0
https://github.com/pricing,0
http://tinyurl.com/kzua44w,1
https://stackoverflow.com/checkout/cart,0
http://invoice-whatsapp-qz4b.men/download/invoice.apk,1
https://fedex.com/checkout/cart,0
http://iksggsjbz0-4cgu.buzz/secure,1
https://fedex.com/contact-us,0
http://signin-alert-adobe-web-7lt.men/signin/alert.html,1
https://api.paypal.com/about,0
http://bit.ly/j0tc2dn,1
https://adobe.com/contact-us,0
https://stackoverflow.com/home,0
http://feddex.monster/verification,1
https://wikipedia.org/docs/api/v2,0
http://2mjnywmp55-r1dq.men/reset,1
http://linkedin.suspend-bdtkc.com-secure.net/account,1
http://reset-fedex-reset-z70v.ml/verify,1
https://api.usa.gov/docs/api/v2?ref=1ol7,0
http://gcpcmjtni9-nwri.monster/reset,1
https://coursera.org/search?q=test,0
http://xn--microsoft-xozi.tk/verification,1
https://youtube.com/account/profile,0
http://login-instagram-reset-lovo.click/login,1
https://figma.com/careers,0
http://alert-signin-coinbase-team-2i9.top/alert/signin.html,1
https://harvard.edu/checkout/cart,0
https://notion.so/checkout/cart,0
http://recover-linkedin-update-f6zx.tk/verify,1
https://cloudflare.com/checkout/cart,0
https://spotify.com/blog/2025/09/article,0
http://xn--whatsapp-383g.club/alert,1
http://dhle.work/invoice,1
https://shop.wellsfargo.com/news/today,0
http://verification-invoice-apple-info-evf.monster/verification/invoice.html,1
http://update-irs-jdqf.monster/download/invoice.scr,1
https://docs.figma.com/careers,0
http://facebook.secure-zilfe.xyz/account,1
http://recover-billing-facebook-session-67t.cf/recover/billing.html,1
https://stackoverflow.com/login,0
http://119.225.28.191/whatsapp/verification.php,1
http://dropbox.secure-ui6y3.com-secure.net/account,1
http://xn--linkedin-qf66.buzz/login,1
https://microsoft.com/careers,0
https://support.airbnb.com/search?q=test?lang=yu7c,0
http://118.18.243.249/google/invoice.php,1
http://0i4l8g03mp-2qyg.tk/support,1
http://suspend-dropbox-verification-yhsk.rest/login,1
https://paypal.com/careers,0
https://zoom.us/search?q=test,0
https://google.com/user/settings,0
http://security-check-login-irs-team-0lk.men/security-check/login.html,1
https://figma.com,0
https://notion.so/blog/2025/09/article,0
http://xn--adobe-feqp.gq/account,1
http://bit.ly/2ioehhk,1
https://paypal.com/pricing,0
https://usps.com/products?page=g2g7,0
http://wallet-signin-dhl-id-j6l.club/wallet/signin.html,1
http://xn--ebay-n8yd.work/security-check,1
http://help-rzh0.win/click?continue=http://amazon-security-check.win,1
http://v38s1rd7v6-w77m.loan/login,1
http://support-google-scoj.club/download/invoice.apk,1
https://fedex.com/support/tickets/123,0
http://support-facebook-9q4e.gq/download/invoice.zip,1
https://wikipedia.org/search?q=test,0
https://bbc.com/user/settings,0
https://spotify.com/pricing,0
https://twitch.tv/blog/2025/09/article,0
http://signin-facebook-alert-v8ls.men/login,1
https://airbnb.com/contact-us,0
http://outlook.verify-x7cdj.info/account,1
http://alert-suspend-bankofamerica-auth-e8j.win/alert/suspend.html,1
https://nytimes.com/account/profile,0
http://netflix.secure-e455i.info/account,1
http://reset-wallet-fedex-team-2c6.ml/reset/wallet.html,1
http://tinyurl.com/kyn8bkf,1
http://appe.com/verification,1
https://twitch.tv/home,0
http://support-login-microsoft-team-m60.link/support/login.html,1
https://airbnb.com/careers,0
https://khanacademy.org/search?q=test,0
https://wordpress.com/login,0
http://xn--dropbox-xbjl.monster/verification,1
http://xn--linkedin-lkwo.men/wallet,1
http://invoice-paypal-signin-5ozo.ml/signin,1
http://intsagram.quest/account,1
https://netflix.com/account/profile,0
http://reset-support-usps-info-kad.work/reset/support.html,1
http://secure-whatsapp-verify-ukff.xyz/signin,1
http://chaes.link/invoice,1
http://login-unlock-dropbox-info-qmv.xyz/login/unlock.html,1
http://adobe.wallet-vor0w.info/account,1
https://notion.so/blog/2025/09/article,0
https://support.spotify.com/user/settings,0
http://apple.wallet-cmd7n.info/account,1
https://docs.harvard.edu/contact-us,0
https://harvard.edu/contact-us,0
http://account-coinbase-hk7k.xyz/download/invoice.zip,1
https://salesforce.com/user/settings,0
https://notion.so/help/faq,0
http://dhl.wallet-5en0y.info/account,1
http://amazon.reset-hi459.xyz/account,1
http://billing-ebay-h8m5.men/download/invoice.apk,1
http://116.102.137.179/bankofamerica/login.php,1
https://api.booking.com/about,0
https://apple.com/about,0
http://144.90.31.88/dropbox/suspend.php,1
https://canva.com/account/profile,0
http://50.45.211.41/paypal/secure.php,1
http://team-cuoi.click/click?redirect=http://amazon-update.click,1
http://google.unlock-jw9zo.xyz/account,1
http://secure-wellsfargo-9avm.rest/download/invoice.exe,1
https://canva.com/careers,0
https://usa.gov/blog/2025/09/article,0
https://shop.nytimes.com/blog/2025/09/article,0
https://usa.gov/account/profile?page=w6z8,0
http://verification-fedex-recover-mtu1.click/signin,1
http://reset-wallet-netflix-team-q1m.buzz/reset/wallet.html,1
https://ebay.com/home,0
http://account-chase-0gon.loan/download/invoice.msi,1
http://linkedin.confirm-18wp7.xyz/account,1
http://invoice-fedex-verification-bcg8.ml/verify,1
https://microsoft.com/account/profile,0
http://tinyurl.com/qiltkgx,1
https://twitch.tv/,0
http://account-instagram-security-check-d3xt.cf/verify,1
https://stackoverflow.com/account/profile,0
https://medium.com/contact-us,0
http://login-update-google-web-gz7.club/login/update.html,1
https://nytimes.com,0
http://support-usps-security-check-16c9.work/signin,1
https://mail.bankofamerica.com/careers,0
https://usa.gov/support/tickets/123,0
https://booking.com/news/today,0
http://xn--netflix-44gh.click/reset,1
https://khanacademy.org/user/settings,0
https://shopify.com/,0
https://docs.slack.com/help/faq,0
http://134.132.189.238/facebook/support.php,1
https://dropbox.com/user/settings?id=l9ek,0
https://github.com/home,0
http://portal-b09o.work/click?url=http://google-reset.work,1
https://coinbase.com/account/profile?page=m2ox,0
http://bit.ly/avo6vu4,1
https://figma.com/,0
https://mit.edu/account/profile,0
http://223.178.57.88/ebay/recover.php,1
http://adobe.account-j1925.xyz/account,1
http://recover-account-ebay-web-yak.xyz/recover/account.html,1
https://cloudflare.com/docs/api/v2,0
https://usa.gov/support/tickets/123,0
http://dhlo.cf/secure,1
https://amazon.com/products,0
http://support-paypal-isdx.club/download/invoice.scr,1
https://khanacademy.org/login,0
https://shopify.com/account/profile,0
https://support.notion.so/user/settings,0
http://id-o3h0.rest/click?redirect=http://paypal-update.rest,1
https://adobe.com/products,0
https://canva.com/docs/api/v2,0
http://recover-chase-signin-mq4j.click/verify,1
http://223.214.143.138/dhl/secure.php,1
https://reddit.com/blog/2025/09/article,0
http://xn--fedex-gi72.link/recover,1
http://online-6hhw.xyz/click?url=http://amazon-security-check.xyz,1
http://recover-billing-facebook-service-ubc.club/recover/billing.html,1
http://reset-unlock-dropbox-help-ahe.win/reset/unlock.html,1
https://twitch.tv/,0
https://figma.com/account/profile,0
http://xn--fedex-wzwf.gq/verify,1
http://xn--adobe-ghpw.work/signin,1
https://reddit.com/pricing,0
http://18.244.83.181/dhl/alert.php,1
http://invoice-wallet-whatsapp-auth-wlb.work/invoice/wallet.html,1
http://unlock-fedex-fzu5.tk/download/invoice.exe,1
http://team-hp9z.icu/click?dest=http://coinbase-security-check.icu,1
http://xn--apple-yt5s.buzz/invoice,1
http://unlock-instagram-support-jk7i.gq/login,1
https://twitch.tv/contact-us,0
https://airbnb.com,0
https://fedex.com/support/tickets/123,0
http://recover-recover-usps-id-hp0.click/recover/recover.html,1
https://amazon.com/docs/api/v2,0
https://shopify.com/careers,0
https://amazon.com/docs/api/v2,0
http://i8rzom8gvz-kqfu.cf/account,1
https://docs.google.com/account/profile,0
http://secure-secure-dhl-help-oiw.club/secure/secure.html,1
http://bankofamerica.confirm-iaicn.com-secure.net/account,1
http://coibnase.net/update,1
http://account-unlock-wellsfargo-portal-jzs.top/account/unlock.html,1
https://spotify.com/products,0
https://coinbase.com/pricing,0
https://salesforce.com/support/tickets/123,0
http://id-x390.tk/click?url=http://netflix-confirm.tk,1
https://amazon.com/search?q=test,0
http://auth-1rf9.men/click?url=http://amazon-alert.men,1
http://vvglwtk38l-b231.link/wallet,1
http://verify-unlock-chase-center-3ew.men/verify/unlock.html,1
http://invoice-microsoft-signin-mfvx.click/signin,1
https://amazon.com/checkout/cart,0
http://yatf9axie3-xv6u.quest/invoice,1
https://zoom.us/account/profile,0
http://suspend-linkedin-security-check-b2an.men/signin,1
https://ebay.com/,0
http://info-cmbr.link/click?redirect=http://outlook-signin.link,1
http://wallet-confirm-paypal-service-l7r.club/wallet/confirm.html,1
http://coinbase.recover-bjvs2.xyz/account,1
http://verify-dropbox-verification-vszh.xyz/verify,1
http://cutt.ly/l8h39xl,1
https://bbc.com/checkout/cart,0
https://coursera.org/news/today,0
https://coursera.org/account/profile,0
https://apple.com/search?q=test,0
http://security-check-google-h74k.quest/download/invoice.msi,1
https://fedex.com/account/profile,0
http://amazzon.net/verification,1
http://xn--chase-lq02.top/signin,1
https://coinbase.com/home,0
http://ebaay.net/account,1
https://figma.com/search?q=test,0
http://fedex.suspend-5cu16.com-secure.net/account,1
http://cutt.ly/o568bom,1
http://user-tunp.cf/click?url=http://irs-recover.cf,1
https://google.com/about?ref=04t2,0
http://suspend-netflix-invoice-aevo.gq/verify,1
http://outlook.suspend-z271p.xyz/account,1
http://83.58.114.212/linkedin/suspend.php,1
http://app-odbx.icu/click?dest=http://outlook-recover.icu,1
https://stackoverflow.com/products,0
http://login-invoice-chase-portal-do4.tk/login/invoice.html,1
http://outlook.suspend-jwfhq.xyz/account,1
http://apple.verification-vfny2.com-secure.net/account,1
http://rebrand.ly/kgkew7h,1
https://dropbox.com/user/settings,0
https://usa.gov/search?q=test,0
http://irs.billing-23b2a.info/account,1
http://xn--amazon-ycug.win/unlock,1
https://khanacademy.org/careers,0
https://amazon.com/checkout/cart,0
https://chase.com/careers,0
http://confirm-outlook-signin-a15m.monster/signin,1
https://bankofamerica.com/login,0
https://mit.edu/products,0
http://verify-amazon-recover-z2oi.work/signin,1
http://xn--fedex-gcz7.club/invoice,1
https://ebay.com/user/settings,0
http://2l6rgot5vd-7761.win/recover,1
http://142.237.208.231/whatsapp/signin.php,1
https://support.bbc.com/checkout/cart,0
https://google.com/account/profile,0
http://xn--apple-1eai.men/wallet,1
https://dropbox.com/docs/api/v2,0
http://update-instagram-update-02og.monster/login,1
https://airbnb.com/user/settings,0
https://medium.com/pricing,0
https://bbc.com/docs/api/v2,0
https://nytimes.com/about,0
http://2vc2sc5g2m-i39d.link/alert,1
http://info-gx7y.gq/click?redirect=http://dropbox-security-check.gq,1
http://verify-irs-bdar.tk/download/invoice.exe,1
https://medium.com/products,0
https://chase.com/checkout/cart,0
http://eaby.com/confirm,1
https://usps.com/support/tickets/123,0
https://nytimes.com/support/tickets/123,0
http://xn--adobe-l2ek.win/secure,1
http://verify-outlook-4r6m.xyz/download/invoice.scr,1
https://mit.edu/home,0
https://adobe.com/about,0
https://netflix.com/support/tickets/123,0
https://canva.com/search?q=test,0
http://session-2pfi.quest/click?next=http://dropbox-account.quest,1
https://wordpress.com,0
http://t81scgdtiq-yjrv.top/unlock,1
https://booking.com/support/tickets/123,0
https://coinbase.com/help/faq,0
http://xn--instagram-8v1x.quest/unlock,1
http://account-dropbox-m0y2.men/download/invoice.jar,1
http://verify-verification-netflix-online-hcm.men/verify/verification.html,1
http://id-5q5x.top/click?continue=http://instagram-reset.top,1
https://medium.com/products,0
https://spotify.com/,0
https://irs.gov/login,0
https://chase.com/checkout/cart?id=vo84,0
https://paypal.com/docs/api/v2,0
http://xn--dropbox-ioxy.click/reset,1
https://coinbase.com/about,0
http://web-zx8g.tk/click?goto=http://usps-recover.tk,1
http://nettflix.cf/confirm,1
http://security-check-linkedin-recover-gc1x.rest/signin,1
http://verify-outlook-h0tj.click/download/invoice.exe,1
http://btohnz7f5k-cmhm.gq/verification,1
http://secure-account-dropbox-web-oaa.top/secure/account.html,1
https://usa.gov/contact-us,0
https://www.notion.so/pricing,0
https://bankofamerica.com/pricing,0
https://figma.com/blog/2025/09/article,0
https://harvard.edu/user/settings,0
https://ebay.com/news/today,0
https://google.com/search?q=test,0
https://mail.fedex.com/login,0
https://harvard.edu/login,0
http://invoice-unlock-fedex-service-p2y.tk/invoice/unlock.html,1
http://154.64.164.231/apple/signin.php,1
http://207.41.213.219/linkedin/verification.php,1
http://whatssapp.net/account,1
https://medium.com/account/profile,0
https://usps.com/support/tickets/123,0
https://www.stackoverflow.com/login,0
https://netflix.com/help/faq,0
https://irs.gov/contact-us,0
http://billing-linkedin-9iup.cf/download/invoice.scr,1
https://reddit.com/user/settings,0
http://unlock-wallet-dropbox-auth-qwf.quest/unlock/wallet.html,1
http://xn--bankofamerica-61ev.loan/verify,1
https://who.int/pricing,0
https://usa.gov/careers,0
http://signin-unlock-adobe-help-pmw.quest/signin/unlock.html,1
http://edazsntanh-arwi.loan/secure,1
http://57.241.7.96/linkedin/support.php,1
https://amazon.com/pricing,0
http://xn--microsoft-jfui.work/wallet,1
http://dhl.suspend-rkeay.com-secure.net/account,1
https://coursera.org/news/today,0
http://3d09aj1mpe-xqlm.cf/update,1
http://security-check-invoice-apple-web-iuz.icu/security-check/invoice.html,1
http://id-rdxp.click/click?goto=http://amazon-update.click,1
http://amazon.wallet-2obak.xyz/account,1
http://xn--whatsapp-u787.work/reset,1
http://account-bankofamerica-i7t4.click/download/invoice.msi,1
http://recover-outlook-confirm-wedc.link/verify,1
http://tfq23tr4ox-nwjt.quest/login,1
http://secure-support-fedex-portal-s2j.icu/secure/support.html,1
http://paypal.verification-n2jjh.info/account,1
http://bankofamerica.recover-tvyxn.info/account,1
https://zoom.us/contact-us,0
http://center-3wln.buzz/click?continue=http://linkedin-alert.buzz,1
https://canva.com/products?page=ude9,0
https://coursera.org/,0
https://wordpress.com/news/today,0
http://68.134.185.1/dhl/verification.php,1
https://irs.gov/blog/2025/09/article,0
https://apple.com,0
https://coinbase.com/blog/2025/09/article,0
http://tinyurl.com/a1fvp4b,1
https://canva.com/help/faq,0
https://reddit.com,0
http://239.197.88.115/facebook/reset.php,1
http://verify-account-paypal-auth-21k.xyz/verify/account.html,1
https://api.chase.com/user/settings,0
http://alert-chase-likt.tk/download/invoice.jar,1
https://spotify.com/user/settings,0
https://medium.com/news/today,0
https://coursera.org/help/faq,0
https://airbnb.com/account/profile?ref=h5jf,0
https://harvard.edu/news/today,0
https://coursera.org/home,0
https://paypal.com/?id=c4qk,0
https://salesforce.com/pricing,0
http://verification-paypal-confirm-leeq.cf/verify,1
https://figma.com/home,0
https://airbnb.com/about,0
https://adobe.com/support/tickets/123?page=h1i4,0
https://stackoverflow.com/help/faq,0
https://api.bbc.com/help/faq,0
https://spotify.com/login,0
http://bankofamerica.secure-hyhk4.info/account,1
http://security-check-microsoft-confirm-ceq8.icu/login,1
http://confirm-coinbase-reset-c02g.club/login,1
https://coinbase.com/about,0
http://tinyurl.com/v6eljuc,1
http://181.46.45.242/coinbase/account.php,1
http://ups.com/billing,1
https://linkedin.com/account/profile,0
https://wikipedia.org/login,0
https://khanacademy.org/blog/2025/09/article,0
http://update-dhl-recover-sn7w.icu/login,1
http://login-amazon-wallet-hxk4.rest/login,1
http://cutt.ly/75aflas,1
http://netflxi.monster/alert,1
http://signin-google-security-check-8ne9.buzz/verify,1
http://usps.wallet-emp7l.info/account,1
https://medium.com/pricing,0
http://outlook.recover-x9ysz.xyz/account,1
http://xn--ebay-spnv.quest/account,1
https://bbc.com/about,0
http://verification-instagram-suspend-p55z.loan/signin,1
https://support.wellsfargo.com/pricing,0
http://billing-coinbase-mu02.icu/download/invoice.zip,1
https://apple.com/about,0
http://support-support-irs-app-fgd.xyz/support/support.html,1
https://usps.com/help/faq,0
http://instagram.com/unlock,1
http://session-zk3z.loan/click?goto=http://usps-secure.loan,1
http://vpxo3uhp20-xfw9.gq/suspend,1
https://paypal.com/login,0
http://v4a91fneqx-9tmq.men/confirm,1
https://amazon.com/home,0
http://cinbase.net/signin,1
http://xn--amazon-ydx1.gq/unlock,1
https://wellsfargo.com/blog/2025/09/article,0
http://rebrand.ly/cutituf,1
http://111.112.114.132/ebay/account.php,1
https://adobe.com/checkout/cart,0
https://chase.com/help/faq,0
http://session-dqqb.buzz/click?url=http://coinbase-login.buzz,1
http://amazon.account-ewbw5.info/account,1
http://billing-coinbase-5psh.work/download/invoice.msi,1
http://101.217.108.181/linkedin/secure.php,1
http://coinbase.billing-1e8z2.com-secure.net/account,1
https://notion.so/docs/api/v2,0
http://tinyurl.com/q0ngbto,1
http://suspend-confirm-paypal-online-mgl.quest/suspend/confirm.html,1
https://netflix.com/account/profile,0
https://paypal.com/blog/2025/09/article,0
http://security-check-instagram-gy97.win/download/invoice.msi,1
http://microsoft.update-15fjd.com-secure.net/account,1
http://cutt.ly/1e4uvg6,1
http://conbase.net/wallet,1
https://paypal.com/checkout/cart,0
https://canva.com/about,0
https://canva.com/pricing,0
http://account-google-lexi.win/download/invoice.scr,1
http://reset-coinbase-unei.quest/download/invoice.jar,1
http://reset-alert-dhl-help-ta2.club/reset/alert.html,1
http://security-check-dhl-3c8j.gq/download/invoice.zip,1
http://dropbox.unlock-mb6vl.com-secure.net/account,1
http://help-4eb2.buzz/click?dest=http://irs-alert.buzz,1
http://lngbz4jrvm-b5zk.icu/account,1
http://xn--ebay-1lpq.loan/alert,1
https://notion.so/home,0
http://invoice-amazon-eoba.cf/download/invoice.jar,1
https://adobe.com/,0
https://ebay.com/,0
https://harvard.edu/docs/api/v2,0
https://usa.gov/news/today,0
https://dropbox.com/docs/api/v2,0
https://stackoverflow.com/help/faq,0
https://canva.com/blog/2025/09/article?page=yivl,0
https://figma.com/products,0
http://billing-google-invoice-v5iq.win/login,1
https://wikipedia.org/login,0
https://support.fedex.com?id=djni,0
https://ebay.com/docs/api/v2?ref=7nms,0
https://netflix.com/search?q=test,0
https://www.figma.com/home,0
https://adobe.com/pricing,0
https://zoom.us/about,0
http://google.security-check-75i90.info/account,1
http://netflix.com/update,1
http://irse.com/update,1
http://bit.ly/wwo1q6f,1
http://84.219.44.197/fedex/signin.php,1
http://verification-account-chase-online-bx1.xyz/verification/account.html,1
https://who.int/home,0
http://eby.com/signin,1
http://xn--amazon-vup4.click/verify,1
https://docs.cloudflare.com,0
https://google.com/,0
http://billing-google-verification-nkrx.rest/login,1
https://wellsfargo.com/search?q=test,0
https://coinbase.com/user/settings,0
https://chase.com/help/faq,0
https://github.com/checkout/cart,0
https://netflix.com/support/tickets/123,0
https://paypal.com/home,0
https://www.usa.gov/docs/api/v2,0
https://support.bankofamerica.com,0
http://account-microsoft-k78m.club/download/invoice.zip,1
https://figma.com/contact-us,0
https://bankofamerica.com/home,0
https://mail.amazon.com/checkout/cart?page=4g2v,0
http://228.51.6.165/dhl/support.php,1
http://google.verify-xtmrf.xyz/account,1
https://wikipedia.org/home,0
http://team-q5io.club/click?next=http://instagram-support.club,1
https://github.com/support/tickets/123,0
http://13bcdaqpyw-vfx7.rest/login,1
https://cloudflare.com/checkout/cart,0
http://rebrand.ly/maheijb,1
https://booking.com/about,0
http://user-7uvh.icu/click?url=http://dhl-verification.icu,1
https://api.who.int/blog/2025/09/article,0
https://wellsfargo.com/about,0
https://paypal.com/home,0
https://wordpress.com/user/settings,0
http://account-unlock-adobe-help-or1.quest/account/unlock.html,1
https://apple.com/search?q=test,0
https://stackoverflow.com/home,0
http://usps.com/verification,1
http://xn--wellsfargo-ih5c.rest/billing,1
http://tinyurl.com/z0vckm4,1
http://signin-wallet-adobe-help-aty.gq/signin/wallet.html,1
http://irs.suspend-bcbp3.info/account,1
https://support.twitch.tv/search?q=test,0
http://support-wellsfargo-4x5t.buzz/download/invoice.msi,1
https://stackoverflow.com,0
https://medium.com/home,0
http://rieiht1xal-jms5.win/confirm,1
https://nytimes.com/news/today,0
http://vnxdyp4peh-8drz.top/recover,1
http://cutt.ly/cfh6tx8,1
http://app-u4ce.monster/click?url=http://bankofamerica-wallet.monster,1
https://wordpress.com/careers,0
http://team-v0ef.club/click?next=http://amazon-signin.club,1
https://shop.google.com/checkout/cart?id=u6oj,0
https://medium.com/account/profile,0
http://reset-netflix-7qto.xyz/download/invoice.jar,1
https://booking.com,0
https://amazon.com/blog/2025/09/article,0
http://wallet-outlook-4pr9.tk/download/invoice.msi,1
https://bankofamerica.com,0
https://fedex.com/search?q=test,0
https://medium.com/help/faq,0
http://rebrand.ly/tgr4xop,1
https://notion.so/pricing,0
http://rebrand.ly/ngtqf3c,1
http://xn--dhl-ox56.buzz/verification,1
http://xn--adobe-eykz.gq/alert,1
https://chase.com/help/faq,0
https://wellsfargo.com/login?page=wt29,0
https://stackoverflow.com/home,0
https://apple.com/products,0
http://session-ylrj.link/click?url=http://bankofamerica-support.link,1
http://eay.com/alert,1
http://recover-wellsfargo-suspend-fdry.ml/verify,1
http://xn--amazon-dmkj.click/invoice,1
https://support.ebay.com/products,0
https://bbc.com/account/profile,0
http://suspend-suspend-amazon-web-ndw.gq/suspend/suspend.html,1
http://chase.support-rb472.info/account,1
https://support.coinbase.com/contact-us,0
https://chase.com/blog/2025/09/article?lang=5lsc,0
https://shopify.com/search?q=test,0
http://unlock-signin-chase-info-wy8.rest/unlock/signin.html,1
http://instagram.billing-yc3ko.xyz/account,1
http://secure-suspend-bankofamerica-help-lfi.xyz/secure/suspend.html,1
https://wordpress.com/account/profile,0
http://service-r68j.loan/click?continue=http://coinbase-billing.loan,1
http://security-check-bankofamerica-26cs.work/download/invoice.exe,1
https://linkedin.com/,0
http://249.226.201.203/microsoft/suspend.php,1
http://xn--irs-vywg.monster/invoice,1
http://nx8mk8zosk-xv0n.club/login,1
http://wallet-dhl-q9zi.icu/download/invoice.jar,1
https://slack.com/user/settings,0
http://login-usps-wallet-5c69.quest/verify,1
https://harvard.edu/help/faq,0
https://wellsfargo.com/home,0
https://bbc.com/account/profile,0
https://zoom.us,0
https://medium.com/products,0
https://reddit.com/checkout/cart,0
https://irs.gov/about,0
https://support.irs.gov/blog/2025/09/article?ref=lfs0,0
https://apple.com/search?q=test,0
https://airbnb.com/pricing,0
https://usa.gov/docs/api/v2,0
https://ebay.com/support/tickets/123,0
http://xn--ebay-19de.xyz/secure,1
http://ry5f42ykze-tonz.rest/confirm,1
https://fedex.com/support/tickets/123,0
https://slack.com/pricing,0
http://xn--apple-zaxo.loan/support,1
https://usa.gov,0
https://booking.com/support/tickets/123,0
http://105.188.222.92/whatsapp/signin.php,1
https://amazon.com/account/profile,0
https://shop.chase.com/search?q=test,0
https://shopify.com/user/settings,0
https://coinbase.com/checkout/cart?id=amhb,0
http://xn--ebay-5pry.rest/login,1
http://signin-coinbase-8beb.quest/download/invoice.scr,1
http://update-dhl-account-6p0a.gq/signin,1
https://coursera.org/home,0
http://xn--wellsfargo-pv83.buzz/alert,1
http://cutt.ly/78opqn4,1
https://medium.com/home,0
http://le77r08bzz-qbwg.cf/reset,1
http://4hbwi625a2-swfx.gq/support,1
http://signin-coinbase-sbu5.loan/download/invoice.msi,1
http://web-tx9s.rest/click?goto=http://netflix-alert.rest,1
http://xn--fedex-9hjg.xyz/signin,1
http://ad0be.buzz/update,1
http://signin-apple-security-check-o1rg.rest/signin,1
https://stackoverflow.com/login,0
https://coinbase.com/account/profile,0
http://9kllwag8lw-zkt2.club/recover,1
https://paypal.com/home,0
http://instagram.verification-qbd9d.xyz/account,1
http://signin-instagram-signin-rydg.work/signin,1
http://invoice-reset-coinbase-service-acv.work/invoice/reset.html,1
https://microsoft.com/support/tickets/123,0
http://billing-recover-microsoft-portal-vfz.click/billing/recover.html,1
http://user-bkxr.work/click?goto=http://usps-recover.work,1
https://booking.com/support/tickets/123,0
https://amazon.com/login,0
http://amaozn.net/login,1
https://youtube.com/support/tickets/123,0
http://mey7h0o0ap-8f4p.link/login,1
https://support.shopify.com/news/today?page=9535,0
https://github.com/checkout/cart,0
http://109.124.178.250/linkedin/unlock.php,1
http://rebrand.ly/z370sei,1
https://figma.com/,0
http://out1ook.net/unlock,1
http://secure-amazon-ip67.rest/download/invoice.zip,1
https://api.coursera.org/news/today?ref=syzg,0
http://alert-outlook-support-yr5v.ml/verify,1
http://jf52se3qmc-tnud.ml/recover,1
https://harvard.edu/checkout/cart,0
http://signin-paypal-lcq6.buzz/download/invoice.zip,1
http://reset-coinbase-reset-vl3r.click/login,1
http://suspend-outlook-6g0z.rest/download/invoice.zip,1
https://microsoft.com/about,0
https://nytimes.com/news/today,0
http://71.139.140.33/facebook/signin.php,1
https://microsoft.com/about,0
https://google.com/user/settings?page=e8de,0
http://236.100.232.109/microsoft/reset.php,1
https://booking.com/,0
https://nytimes.com/news/today,0
https://twitch.tv/products,0
https://reddit.com/news/today,0
https://stackoverflow.com/home,0
https://support.ebay.com/pricing,0
https://bbc.com/contact-us,0
https://mail.adobe.com/help/faq,0
https://usps.com/contact-us,0
https://docs.irs.gov/pricing,0
https://cloudflare.com,0
https://bbc.com/checkout/cart,0
http://fcebook.men/recover,1
https://mail.ebay.com/,0
http://outtlook.com/alert,1
https://booking.com/search?q=test,0
https://zoom.us/products?id=2wb0,0
http://team-nazn.cf/click?next=http://apple-suspend.cf,1
https://bbc.com/search?q=test,0
http://155.96.61.167/instagram/alert.php,1
http://ow0go3jma6-g5je.men/reset,1
http://xn--chase-2x4g.xyz/recover,1
https://netflix.com/search?q=test,0
https://bankofamerica.com/docs/api/v2,0
http://206.158.244.183/amazon/reset.php,1
https://shop.reddit.com/home,0
http://xn--microsoft-e9fj.icu/secure,1
https://booking.com/careers,0
https://reddit.com/account/profile,0
https://ebay.com/news/today,0
https://www.google.com/support/tickets/123,0
http://90.87.207.113/linkedin/billing.php,1
https://usa.gov/search?q=test,0
http://user-g6z5.xyz/click?dest=http://chase-login.xyz,1
https://wordpress.com/,0
https://usps.com/account/profile,0
http://secure-paypal-s4p0.win/download/invoice.msi,1
https://canva.com/checkout/cart,0
http://rebrand.ly/cya8vt8,1
http://irsa.net/update,1
http://center-lzju.buzz/click?next=http://paypal-suspend.buzz,1
https://medium.com/careers,0
http://xn--coinbase-vuzi.men/support,1
https://www.bankofamerica.com/products,0
https://zoom.us/about,0
https://netflix.com/pricing,0
https://mail.wellsfargo.com/user/settings,0
https://docs.figma.com/search?q=test,0
https://www.who.int,0
http://verification-signin-coinbase-service-buo.buzz/verification/signin.html,1
https://zoom.us/news/today,0
http://adobe.recover-jfmh0.info/account,1
https://bbc.com/blog/2025/09/article,0
http://xn--adobe-q77z.top/wallet,1
http://bit.ly/p9supf6,1
http://security-check-whatsapp-l6f8.xyz/download/invoice.jar,1
https://paypal.com/about,0
https://support.ebay.com/contact-us,0
https://api.ebay.com/pricing,0
https://usa.gov/news/today,0
http://tinyurl.com/5lwwhgy,1
http://bankofamer1ca.net/verify,1
http://usps.net/suspend,1
http://f3dex.net/recover,1
http://billing-ebay-wallet-df6c.quest/verify,1
http://web-mrjx.win/click?continue=http://dhl-billing.win,1
https://support.canva.com/products,0
http://login-wellsfargo-alert-1mle.buzz/verify,1
https://netflix.com/help/faq,0
http://wellsfarggo.com/account,1
https://www.amazon.com/pricing,0
http://cutt.ly/pnjl1ji,1
http://case.loan/recover,1
http://center-vlcv.work/click?next=http://coinbase-update.work,1
https://booking.com/docs/api/v2,0
https://medium.com/,0
https://mail.youtube.com/login,0
http://cutt.ly/1ib9x0r,1
https://khanacademy.org/contact-us,0
http://microsoft.update-n0iv9.xyz/account,1
https://mail.usa.gov/docs/api/v2?page=3591,0
https://github.com/careers?lang=7fgq,0
http://xn--usps-hwt3.cf/verification,1
http://132.2.197.9/wellsfargo/confirm.php,1
https://coursera.org/products?page=6m52,0
http://center-93c6.top/click?redirect=http://outlook-security-check.top,1
https://spotify.com/account/profile,0
http://suspend-security-check-amazon-auth-e7j.gq/suspend/security-check.html,1
http://help-rqqx.quest/click?url=http://irs-verify.quest,1
https://cloudflare.com/contact-us,0
http://dtqgj9oop3-jg86.cf/security-check,1
https://microsoft.com/blog/2025/09/article,0
https://dropbox.com/docs/api/v2,0
http://xn--bankofamerica-rs43.monster/support,1
https://docs.bankofamerica.com/pricing,0
https://harvard.edu/login,0
http://xn--amazon-twl1.buzz/account,1
https://bankofamerica.com/user/settings?page=uht6,0
http://service-qlpo.top/click?url=http://microsoft-support.top,1
https://wikipedia.org/,0
http://security-check-whatsapp-a9fs.monster/download/invoice.exe,1
https://shop.usa.gov/login?id=qk65,0
https://fedex.com/careers,0
https://twitch.tv/docs/api/v2?lang=tk3b,0
http://verification-invoice-netflix-web-vgd.gq/verification/invoice.html,1
http://help-ybpe.link/click?continue=http://adobe-wallet.link,1
http://unlock-netflix-secure-lvve.monster/signin,1
https://shop.slack.com/account/profile,0
http://39.37.29.97/facebook/alert.php,1
https://wordpress.com/docs/api/v2,0
http://reset-netflix-suspend-py1a.quest/verify,1
http://login-apple-zplf.loan/download/invoice.msi,1
https://cloudflare.com/products,0
https://fedex.com,0
https://who.int/home,0
http://whatsapp.com/verify,1
https://docs.twitch.tv/user/settings,0
http://auth-oj81.loan/click?url=http://facebook-account.loan,1
https://mail.airbnb.com/help/faq,0
https://spotify.com/checkout/cart,0
https://notion.so/support/tickets/123,0
http://9wf4pk8wfr-wymq.club/security-check,1
http://adbtit7qld-syyr.top/recover,1
https://booking.com/user/settings,0
https://docs.adobe.com/,0
http://account-billing-dhl-info-mow.club/account/billing.html,1
http://support-confirm-bankofamerica-service-gf0.men/support/confirm.html,1
https://ebay.com/support/tickets/123,0
http://whatsapp.unlock-dey7d.xyz/account,1
https://bankofamerica.com/home,0
http://update-microsoft-confirm-rhan.men/signin,1
https://salesforce.com/search?q=test,0
http://247.109.185.185/microsoft/security-check.php,1
http://ac8vugc5tb-gogf.link/confirm,1
http://xn--fedex-ljoo.ml/account,1
http://sdwe0ywqug-jlqt.icu/reset,1
http://247.207.233.64/wellsfargo/alert.php,1
http://xn--dhl-lu1l.ml/signin,1
https://wikipedia.org,0
http://xn--chase-hi8e.monster/unlock,1
http://tinyurl.com/9tluoyt,1
http://l8iziwqkcq-ekof.quest/wallet,1
http://8kxx98juw0-lzx3.loan/support,1
http://xn--dhl-boda.work/alert,1
http://billing-support-microsoft-online-sj1.quest/billing/support.html,1
http://google.billing-tqicz.info/account,1
https://booking.com/products?page=ukfv,0
https://adobe.com/checkout/cart,0
http://cutt.ly/f5wxw72,1
https://microsoft.com/account/profile,0
https://spotify.com,0
https://bankofamerica.com/careers,0
https://docs.irs.gov/careers,0
http://confirm-instagram-6xj5.club/download/invoice.zip,1
https://twitch.tv/contact-us,0
https://usps.com/home,0
http://security-check-verify-apple-online-30m.buzz/security-check/verify.html,1
https://ebay.com/login,0
https://support.paypal.com/support/tickets/123,0
http://244.42.236.183/netflix/update.php,1
https://amazon.com/careers,0
https://salesforce.com/docs/api/v2,0
http://xn--usps-krsx.cf/wallet,1
http://153.101.137.19/linkedin/suspend.php,1
https://shopify.com/pricing,0
http://xn--dhl-7x8g.loan/wallet,1
https://adobe.com/support/tickets/123,0
https://shop.usa.gov/login,0
https://medium.com/news/today?id=sh32,0
https://ebay.com/login,0
http://dorpbox.click/update,1
http://dropbx.com/secure,1
https://www.wordpress.com/about,0
http://125.104.243.244/amazon/billing.php,1
https://twitch.tv/help/faq,0
http://cutt.ly/zq98mej,1
http://tinyurl.com/is3d2oi,1
http://team-hsr5.buzz/click?url=http://wellsfargo-verification.buzz,1
https://adobe.com/home,0
http://xn--coinbase-ifky.buzz/unlock,1
https://canva.com/checkout/cart,0
http://68.249.232.88/ebay/recover.php,1
http://user-1iyl.gq/click?dest=http://linkedin-recover.gq,1
https://khanacademy.org/news/today,0
http://rebrand.ly/5pqvs2v,1
https://wikipedia.org/products,0
https://zoom.us/home?ref=pzhp,0
https://paypal.com/blog/2025/09/article,0
https://medium.com/user/settings,0
http://suspend-dropbox-verify-1tim.ml/signin,1
http://suspend-facebook-secure-opcr.cf/signin,1
http://portal-y99o.men/click?url=http://ebay-reset.men,1
http://xn--apple-1ahc.click/billing,1
http://security-check-apple-if1t.top/download/invoice.jar,1
http://cutt.ly/vcb0pwu,1
http://xn--whatsapp-w1aw.win/account,1
http://secure-microsoft-tenh.icu/download/invoice.exe,1
http://unlock-apple-billing-8x2s.top/login,1
http://tinyurl.com/pgjh95b,1
https://wordpress.com/home?ref=ykm1,0
https://google.com/home,0
https://cloudflare.com/pricing,0
https://api.github.com/account/profile,0
http://suspend-billing-apple-auth-4yd.tk/suspend/billing.html,1
https://nytimes.com/products,0
https://who.int/login,0
http://confirm-billing-amazon-app-vt9.work/confirm/billing.html,1
https://bankofamerica.com/,0
https://nytimes.com/account/profile,0
http://177.226.189.173/irs/login.php,1
http://alert-amazon-security-check-suqr.win/signin,1
http://web-oi8p.loan/click?continue=http://microsoft-security-check.loan,1
https://usps.com/blog/2025/09/article,0
https://apple.com/pricing,0
http://team-p2nq.work/click?redirect=http://google-wallet.work,1
http://confirm-instagram-nhw5.rest/download/invoice.jar,1
http://verify-wallet-facebook-help-tkm.top/verify/wallet.html,1
https://google.com/home,0
http://xn--apple-w01u.buzz/recover,1
http://user-pa0c.ml/click?continue=http://irs-billing.ml,1
http://wallet-login-adobe-id-uua.quest/wallet/login.html,1
https://youtube.com/?page=x1jp,0
http://billing-coinbase-invoice-3g45.icu/verify,1
http://update-irs-support-0oty.link/login,1
http://facebook.verify-pfeaa.xyz/account,1
https://coinbase.com/docs/api/v2,0
https://booking.com/careers,0
https://paypal.com/docs/api/v2?page=8wdz,0
https://zoom.us/checkout/cart,0
http://paypal.verify-8lgmq.xyz/account,1
http://login-dhl-verify-srho.xyz/login,1
https://cloudflare.com/account/profile,0
http://dhlo.net/secure,1
http://11.229.183.199/instagram/alert.php,1
https://www.booking.com/contact-us,0
https://support.notion.so/products,0
https://cloudflare.com/careers,0
http://g46mnjv6r7-z7m1.loan/unlock,1
http://micro5oft.net/support,1
https://booking.com/contact-us,0
https://twitch.tv/support/tickets/123?id=lgk8,0
http://lehvsbsqmf-7mtp.win/recover,1
http://bit.ly/rbywk1z,1
http://fil2uwdak0-dfuh.club/account,1
https://mit.edu/news/today,0
https://paypal.com/login,0
http://welllsfargo.men/secure,1
http://adobe.unlock-6wnyc.xyz/account,1
https://harvard.edu/products,0
https://usps.com/products,0
http://recover-fedex-billing-9n2o.work/verify,1
https://adobe.com,0
https://wikipedia.org/support/tickets/123,0
http://login-adobe-p5zm.click/download/invoice.scr,1
https://adobe.com/home,0
http://bankofamerica.verification-1dw72.xyz/account,1
https://zoom.us/search?q=test,0
http://bit.ly/0b94jzh,1
https://wordpress.com/blog/2025/09/article,0
http://suspend-dropbox-p5qw.men/download/invoice.apk,1
http://support-instagram-reset-5hn5.tk/signin,1
https://zoom.us/about,0
https://microsoft.com/careers,0
https://wikipedia.org/docs/api/v2,0
https://youtube.com/checkout/cart,0
http://security-check-paypal-xz8g.work/download/invoice.apk,1
http://irs.alert-tfeu4.com-secure.net/account,1
https://spotify.com/help/faq,0
http://tinyurl.com/r0a00yr,1
http://linkediin.net/verification,1
http://reset-facebook-invoice-obyo.club/verify,1
https://dropbox.com/blog/2025/09/article,0
https://shop.irs.gov/docs/api/v2,0
https://shop.google.com/,0
https://shopify.com/home,0
http://login-instagram-ecd0.click/download/invoice.apk,1
https://usa.gov/account/profile,0
http://wallet-amazon-w8fj.xyz/download/invoice.apk,1
https://mail.stackoverflow.com/contact-us,0
http://account-secure-linkedin-center-q7p.click/account/secure.html,1
http://77p45ru4of-qsfw.icu/support,1
http://secure-verification-chase-id-swm.win/secure/verification.html,1
http://xn--google-azlp.monster/unlock,1
https://wikipedia.org/user/settings,0
https://slack.com/user/settings,0
https://dropbox.com/account/profile,0
https://booking.com/about,0
http://eby.monster/secure,1
https://api.bankofamerica.com/checkout/cart,0
https://mail.paypal.com/account/profile,0
https://google.com/blog/2025/09/article,0
https://canva.com/products,0
https://www.paypal.com,0
http://rebrand.ly/uj84ic8,1
https://harvard.edu/login,0
http://verify-bankofamerica-bmad.win/download/invoice.jar,1
http://apple.reset-3fbpb.info/account,1
https://bbc.com/support/tickets/123,0
https://apple.com/user/settings,0
https://wikipedia.org/pricing,0
https://api.google.com/about,0
http://193.56.108.231/linkedin/wallet.php,1
https://medium.com/account/profile,0
http://billing-paypal-3tk5.club/download/invoice.exe,1
http://97.36.168.8/whatsapp/login.php,1
http://portal-j29y.tk/click?redirect=http://outlook-secure.tk,1
https://who.int/,0
https://ebay.com/pricing,0
https://netflix.com/,0
http://verify-bankofamerica-billing-880b.top/signin,1
http://google.unlock-3po2r.info/account,1
http://suspend-coinbase-invoice-3csv.monster/login,1
https://www.usa.gov/products,0
http://session-0cax.rest/click?url=http://adobe-billing.rest,1
http://online-lb6r.buzz/click?continue=http://facebook-wallet.buzz,1
http://tinyurl.com/dlh4c4u,1
http://wellsfargo.wallet-k7z7g.com-secure.net/account,1
http://security-check-apple-wallet-4g65.men/verify,1
http://signin-linkedin-suspend-u3of.ml/signin,1
https://apple.com/news/today?lang=ubr2,0
https://adobe.com/products,0
https://www.shopify.com/account/profile?page=9eoq,0
http://b0jpi3jo4h-26bj.cf/wallet,1
https://netflix.com,0
http://linkedn.net/unlock,1
http://20.182.61.22/apple/suspend.php,1
https://usa.gov/products,0
http://bit.ly/92ionnx,1
https://apple.com/news/today,0
https://youtube.com/search?q=test,0
https://coursera.org/docs/api/v2,0
https://wellsfargo.com/about,0
http://xn--google-xb1c.quest/login,1
http://billing-verification-dhl-id-g1u.click/billing/verification.html,1
https://bankofamerica.com/careers,0
https://ebay.com/login,0
http://usps.login-x6ddg.xyz/account,1
https://who.int/docs/api/v2?ref=avme,0
https://microsoft.com/help/faq,0
http://bankofamerica.buzz/signin,1
http://info-jcyd.ml/click?next=http://ebay-update.ml,1
https://adobe.com/user/settings,0
https://shop.shopify.com/contact-us,0
http://facebook.gq/account,1
https://support.zoom.us/pricing?lang=xqbw,0
https://paypal.com/help/faq,0
http://xn--bankofamerica-cbwi.rest/account,1
https://medium.com/careers?ref=8blg,0
http://cionbase.com/verification,1
http://xn--usps-3bka.buzz/secure,1
http://account-google-ebmu.quest/download/invoice.exe,1
https://bankofamerica.com/careers,0
https://irs.gov/login,0
https://dropbox.com/careers,0
http://confirm-instagram-11dg.ml/download/invoice.zip,1
http://security-check-suspend-microsoft-portal-jmm.quest/security-check/suspend.html,1
http://ebay.verification-1c59p.com-secure.net/account,1
http://rebrand.ly/svintl6,1
https://nytimes.com/account/profile,0
http://adobe.unlock-eq50l.com-secure.net/account,1
http://facebook.signin-fslaa.xyz/account,1
http://195.196.29.135/usps/invoice.php,1
http://invoice-paypal-09ms.loan/download/invoice.apk,1
http://214.119.213.95/dhl/verification.php,1
http://157.170.41.84/netflix/account.php,1
http://og6z9ncifv-9xtk.link/update,1
https://linkedin.com/user/settings,0
http://xn--irs-15qf.work/verification,1
https://coursera.org/login?id=hcaz,0
http://2l6j2bc8ht-sgwl.click/alert,1
https://adobe.com/pricing,0
https://medium.com/pricing,0
http://wallet-invoice-whatsapp-info-xkt.buzz/wallet/invoice.html,1
https://figma.com/account/profile,0
https://bbc.com/user/settings,0
http://rebrand.ly/4jl88oa,1
http://confirm-google-xfnx.work/download/invoice.zip,1
http://portal-lvqz.win/click?url=http://instagram-account.win,1
http://234.215.54.101/microsoft/security-check.php,1
http://67.43.113.122/linkedin/recover.php,1
http://amaozn.loan/login,1
http://rebrand.ly/52x1tex,1
https://github.com/contact-us,0
https://linkedin.com/news/today?id=b4wt,0
http://session-jm1f.monster/click?next=http://whatsapp-update.monster,1
https://irs.gov/blog/2025/09/article,0
https://linkedin.com/contact-us,0
https://support.reddit.com/contact-us,0
https://mail.usa.gov/account/profile,0
https://coinbase.com/support/tickets/123,0
https://docs.khanacademy.org/login,0
http://login-invoice-facebook-session-c4d.men/login/invoice.html,1
http://2b26znlhcy-gnmt.men/verification,1
http://48.130.2.21/dhl/login.php,1
https://slack.com/login,0
https://api.spotify.com/about,0
https://reddit.com/contact-us,0
https://ebay.com/news/today,0
https://usa.gov/,0
http://vr5tgz8vx3-nujp.ml/verification,1
http://218.246.50.233/linkedin/billing.php,1
http://139.178.141.164/outlook/suspend.php,1
https://khanacademy.org/checkout/cart?ref=8my1,0
http://login-coinbase-e6uj.tk/download/invoice.scr,1
http://center-83tu.club/click?url=http://dropbox-suspend.club,1
https://wellsfargo.com/user/settings,0
http://microsoft.net/wallet,1
http://tinyurl.com/q032eh1,1
https://bankofamerica.com/about,0
https://reddit.com/pricing,0
http://xn--outlook-dnyu.quest/recover,1
http://xn--bankofamerica-817v.icu/alert,1
https://usa.gov/login,0
https://apple.com/news/today,0
http://security-check-adobe-p0op.ml/download/invoice.exe,1
https://wordpress.com,0
https://support.chase.com/search?q=test,0
https://microsoft.com/news/today,0
http://support-dhl-suspend-zkd2.win/login,1
http://hmt69s98lz-emff.link/unlock,1
http://billing-signin-google-app-9er.xyz/billing/signin.html,1
http://alert-paypal-t6h5.loan/download/invoice.zip,1
https://figma.com/blog/2025/09/article?lang=bdfu,0
http://exf1reevv1-rbfy.ml/verify,1
http://amazon.support-pal9r.xyz/account,1
https://youtube.com/careers,0
http://tinyurl.com/sebn33p,1
http://info-tt42.win/click?redirect=http://netflix-billing.win,1
https://stackoverflow.com/docs/api/v2,0
http://unlock-apple-suspend-vcoz.tk/signin,1
https://canva.com/support/tickets/123,0
http://billing-facebook-secure-0wt4.link/verify,1
http://portal-vmcy.club/click?next=http://google-recover.club,1
http://facebook.net/update,1
https://canva.com/user/settings,0
http://outlook.net/billing,1
http://reset-usps-invoice-l9ew.rest/login,1
https://paypal.com/contact-us,0
https://support.canva.com/home,0
https://netflix.com/home,0
http://xn--chase-lgif.gq/support,1
https://youtube.com/pricing,0
http://ebay.wallet-wznxx.xyz/account,1
http://verification-amazon-iqyo.rest/download/invoice.apk,1
http://verification-dhl-hjrm.xyz/download/invoice.apk,1
http://coinbase.security-check-g8n5t.xyz/account,1
http://xn--wellsfargo-j7sb.ml/login,1
http://update-irs-c7w6.xyz/download/invoice.scr,1
http://cha5e.com/verify,1
http://verify-unlock-microsoft-portal-30l.cf/verify/unlock.html,1
https://nytimes.com/blog/2025/09/article,0
http://unlock-update-apple-portal-eoy.monster/unlock/update.html,1
https://youtube.com/docs/api/v2?id=pi4h,0
http://190.6.111.207/linkedin/account.php,1
https://ebay.com/,0
http://chase.invoice-9mcv4.info/account,1
https://airbnb.com/careers?lang=upvr,0
https://airbnb.com/about,0
http://82.71.111.48/apple/reset.php,1
http://xn--microsoft-9z40.gq/unlock,1
http://amazon.suspend-7t0tk.com-secure.net/account,1
http://unlock-irs-suspend-p251.xyz/verify,1
https://dropbox.com/products,0
http://xn--fedex-r4c7.buzz/verification,1
http://confirm-security-check-adobe-app-6ef.icu/confirm/security-check.html,1
http://outlook.update-k4dyv.xyz/account,1
http://5cr0hh2kuy-pbsb.gq/login,1
http://suspend-signin-whatsapp-service-nnw.top/suspend/signin.html,1
https://who.int/blog/2025/09/article,0
https://spotify.com/help/faq,0
http://179.139.102.60/netflix/login.php,1
https://shop.apple.com/products,0
https://dropbox.com/pricing,0
http://bankofamerica.reset-5ml3a.com-secure.net/account,1
https://usa.gov/help/faq,0
https://microsoft.com/search?q=test?ref=m2if,0
http://login-instagram-b3zl.work/download/invoice.scr,1
https://api.wikipedia.org/user/settings,0
https://chase.com/careers,0
http://update-coinbase-secure-2r4j.cf/signin,1
https://amazon.com/support/tickets/123?lang=i7bl,0
https://microsoft.com/support/tickets/123,0
http://secure-outlook-invoice-906q.tk/login,1
http://rebrand.ly/zv3wusx,1
http://update-irs-support-ffon.link/signin,1
https://slack.com/?id=rd3a,0
http://portal-rz01.click/click?redirect=http://chase-security-check.click,1
http://122.218.131.95/dhl/confirm.php,1
https://coinbase.com/checkout/cart,0
https://reddit.com/products,0
https://medium.com/support/tickets/123,0
http://fedxe.net/verification,1
http://170.103.59.147/linkedin/reset.php,1
https://airbnb.com/home,0
http://user-qxri.club/click?goto=http://ebay-support.club,1
https://medium.com/products,0
https://salesforce.com/pricing,0
https://docs.amazon.com/contact-us,0
https://usps.com/blog/2025/09/article,0
https://api.netflix.com/support/tickets/123,0
https://slack.com/news/today,0
https://api.nytimes.com/about?id=g042,0
https://www.khanacademy.org/support/tickets/123,0
http://microosoft.quest/alert,1
http://cutt.ly/84sgohs,1
https://netflix.com/about,0
http://chase.confirm-tdysl.info/account,1
https://harvard.edu/checkout/cart,0
https://usa.gov/products,0
http://secure-security-check-wellsfargo-id-35l.top/secure/security-check.html,1
https://booking.com/news/today,0
https://linkedin.com/products,0
https://coursera.org/account/profile,0
https://slack.com/contact-us,0
http://security-check-secure-ebay-service-tiv.top/security-check/secure.html,1
https://linkedin.com/checkout/cart,0
http://user-90va.click/click?goto=http://paypal-secure.click,1
https://bankofamerica.com/checkout/cart,0
https://www.linkedin.com/login,0
http://suspend-update-usps-online-pur.rest/suspend/update.html,1
https://twitch.tv/contact-us,0
https://ebay.com/,0
https://figma.com/docs/api/v2,0
https://usps.com/home,0
https://chase.com/docs/api/v2,0
https://apple.com/products,0
https://nytimes.com/help/faq,0
http://alert-microsoft-secure-cg2c.win/verify,1
http://verify-usps-w286.monster/download/invoice.zip,1
https://bbc.com/user/settings,0
http://reset-coinbase-invoice-1ta0.xyz/signin,1
http://reset-recover-outlook-web-kwj.quest/reset/recover.html,1
https://who.int/home?ref=3xqy,0
https://support.usa.gov/docs/api/v2,0
https://coursera.org/docs/api/v2,0
http://228.191.200.40/netflix/billing.php,1
https://airbnb.com/login,0
http://instagram.reset-r36eu.com-secure.net/account,1
https://mit.edu/help/faq,0
https://github.com/login,0
https://who.int/support/tickets/123,0
http://wallet-recover-whatsapp-user-21z.buzz/wallet/recover.html,1
http://nettflix.net/verification,1
https://medium.com/docs/api/v2,0
https://wordpress.com/login?page=uxye,0
https://linkedin.com/about,0
http://update-apple-vg9h.monster/download/invoice.msi,1
http://74.69.215.142/adobe/alert.php,1
http://account-bankofamerica-f5tj.gq/download/invoice.zip,1
http://confirm-login-netflix-service-rfc.monster/confirm/login.html,1
http://invoice-bankofamerica-4rph.link/download/invoice.msi,1
http://25.237.221.114/facebook/wallet.php,1
https://spotify.com/support/tickets/123?id=kcxp,0
https://khanacademy.org/help/faq,0
https://notion.so/,0
http://xn--dropbox-iagy.men/verification,1
https://api.figma.com/login?ref=3eu1,0
http://rebrand.ly/xw7leq3,1
http://vghdimflff-a1on.club/update,1
http://facebook.secure-2uhci.xyz/account,1
http://yyv3cbhkr8-lvxr.ml/secure,1
https://microsoft.com/pricing,0
https://apple.com/support/tickets/123,0
https://apple.com/about?ref=khnx,0
http://adobe.unlock-ax5nt.info/account,1
https://stackoverflow.com/blog/2025/09/article,0
http://verify-reset-amazon-app-pqu.click/verify/reset.html,1
http://well5fargo.monster/wallet,1
http://89.193.104.53/ebay/recover.php,1
https://api.khanacademy.org/products,0
http://security-check-unlock-ebay-online-fow.buzz/security-check/unlock.html,1
http://unlock-alert-amazon-help-0x4.xyz/unlock/alert.html,1
http://dhlo.club/signin,1
http://223.43.103.92/chase/secure.php,1
http://netflix.reset-bc88m.com-secure.net/account,1
http://support-secure-coinbase-help-oef.ml/support/secure.html,1
http://cutt.ly/jfzajvl,1
http://wallet-paypal-invoice-drg5.icu/login,1
http://58.88.222.175/linkedin/suspend.php,1
http://login-netflix-kdhn.quest/download/invoice.jar,1
http://outtlook.com/verify,1
https://microsoft.com/support/tickets/123,0
http://update-signin-coinbase-service-2jd.monster/update/signin.html,1
http://support-bankofamerica-signin-uf4t.loan/verify,1
http://32.133.50.6/usps/billing.php,1
http://cd7u8g6hcs-udit.work/signin,1
https://booking.com/about,0
https://dropbox.com/careers,0
https://harvard.edu/login,0
http://billing-update-google-team-dpn.click/billing/update.html,1
https://paypal.com/help/faq,0
http://info-u1qk.icu/click?redirect=http://adobe-wallet.icu,1
http://outlook.secure-kxqm6.info/account,1
https://bbc.com/news/today?page=y7u0,0
http://online-1lwp.men/click?next=http://outlook-secure.men,1
https://mit.edu/login,0
http://secure-adobe-wallet-4fn5.gq/login,1
http://invoice-microsoft-suspend-ned0.ml/login,1
http://bit.ly/iwob6rm,1
https://coursera.org,0
http://netflix.reset-pnwpd.xyz/account,1
https://coinbase.com/checkout/cart?ref=k204,0
http://verification-apple-suspend-srks.monster/signin,1
http://xn--facebook-rfme.top/billing,1
https://reddit.com/?ref=tvfd,0
https://salesforce.com/help/faq,0
http://invoice-adobe-alert-6aww.club/signin,1
https://mail.wordpress.com/search?q=test,0
http://tinyurl.com/dflo9q5,1
http://cutt.ly/1l32fhw,1
https://spotify.com,0
http://38.47.45.143/amazon/update.php,1
http://service-8vbo.work/click?redirect=http://irs-verification.work,1
http://id-pmks.monster/click?url=http://fedex-suspend.monster,1
https://api.salesforce.com/products?page=g3ke,0
https://nytimes.com/search?q=test,0
http://login-adobe-verification-f8so.link/login,1
https://slack.com/search?q=test?ref=uvyp,0
https://github.com/about,0
http://rebrand.ly/uxmcc2m,1
https://nytimes.com/blog/2025/09/article,0
https://nytimes.com/search?q=test,0
https://usa.gov,0
http://102.123.165.132/bankofamerica/confirm.php,1
http://login-adobe-oorr.ml/download/invoice.scr,1
https://apple.com/docs/api/v2,0
https://youtube.com/,0
http://login-update-chase-app-p45.men/login/update.html,1
http://invoice-google-8qw7.xyz/download/invoice.zip,1
https://shop.figma.com/search?q=test,0
http://id-ukgo.buzz/click?continue=http://irs-alert.buzz,1
https://mit.edu/support/tickets/123,0
https://khanacademy.org/home,0
https://wellsfargo.com/news/today,0
https://usps.com/home,0
http://rebrand.ly/q82hr6v,1
http://facebook.verify-0g1ok.info/account,1
http://wallet-confirm-wellsfargo-portal-0ir.xyz/wallet/confirm.html,1
http://rebrand.ly/ndvoiz5,1
https://apple.com,0
https://wellsfargo.com/pricing,0
https://shopify.com/docs/api/v2,0
https://bankofamerica.com/user/settings,0
https://chase.com/about,0
http://78xkh59uvd-7tek.club/alert,1
http://reset-netflix-security-check-zs34.xyz/login,1
https://spotify.com/login,0
https://bankofamerica.com/user/settings,0
http://user-ow9o.monster/click?dest=http://dhl-unlock.monster,1
http://244.30.6.128/google/support.php,1
https://stackoverflow.com/blog/2025/09/article,0
https://usps.com/help/faq,0
http://alert-coinbase-account-xq6l.monster/verify,1
http://eay.com/verify,1
https://wellsfargo.com/checkout/cart,0
https://chase.com/blog/2025/09/article,0
https://microsoft.com/about,0
http://c0inbase.xyz/security-check,1
https://github.com/help/faq,0
https://booking.com/support/tickets/123,0
https://fedex.com/search?q=test,0
https://coursera.org/search?q=test,0
https://coursera.org/careers,0
https://microsoft.com/products,0
https://ebay.com/news/today,0
http://security-check-confirm-adobe-app-9sh.top/security-check/confirm.html,1
http://bit.ly/f42j0r7,1
http://unlock-suspend-dhl-center-ga9.loan/unlock/suspend.html,1
https://spotify.com/news/today,0
http://signin-confirm-microsoft-info-fpj.link/signin/confirm.html,1
https://zoom.us/blog/2025/09/article,0
https://canva.com/products,0
https://salesforce.com/user/settings,0
https://microsoft.com/search?q=test,0
http://web-nan3.gq/click?redirect=http://chase-verify.gq,1
http://info-2utc.link/click?redirect=http://wellsfargo-suspend.link,1
http://linkedin.com/alert,1
http://security-check-wallet-facebook-web-1ru.gq/security-check/wallet.html,1
https://bankofamerica.com/docs/api/v2,0
http://tinyurl.com/l0vsdgz,1
https://cloudflare.com/news/today,0
https://wellsfargo.com/user/settings,0
http://usps.account-kadl9.com-secure.net/account,1
http://account-signin-linkedin-app-q2h.rest/account/signin.html,1
http://36.183.220.81/ebay/account.php,1
https://wellsfargo.com/blog/2025/09/article,0
http://xn--fedex-8oyf.monster/security-check,1
https://spotify.com/support/tickets/123,0
http://fed3x.buzz/billing,1
http://54.32.96.186/usps/suspend.php,1
https://api.mit.edu/contact-us,0
http://info-s7ng.ml/click?continue=http://linkedin-account.ml,1
https://youtube.com/docs/api/v2,0
http://xn--ebay-y9sg.win/verification,1
https://mit.edu/contact-us,0
https://canva.com/careers,0
http://xn--fedex-s91l.rest/confirm,1
http://xn--chase-k1r8.click/support,1
http://wallet-irs-alert-52v8.buzz/login,1
https://github.com?id=cdz6,0
https://mail.usa.gov/help/faq,0
http://4x74a6spk0-9nqt.click/secure,1
http://verify-dropbox-login-yaf7.cf/login,1
http://neetflix.top/login,1
https://reddit.com/blog/2025/09/article,0
http://085ztagh7u-q98d.click/wallet,1
http://applle.net/signin,1
https://shopify.com/careers?ref=3we8,0
http://114.164.182.16/microsoft/verification.php,1
http://1lye09qwvk-ul5t.buzz/login,1
http://xn--paypal-p0dj.win/billing,1
http://1.98.29.57/whatsapp/verify.php,1
http://support-invoice-dropbox-app-ajz.xyz/support/invoice.html,1
https://irs.gov/news/today,0
https://slack.com/home,0
http://linkedin.billing-0ecg3.info/account,1
http://secure-irs-ww8w.monster/download/invoice.zip,1
https://linkedin.com/home,0
http://security-check-alert-paypal-app-k13.icu/security-check/alert.html,1
http://ebay.account-ok1bx.xyz/account,1
http://unlock-dhl-yjuf.xyz/download/invoice.exe,1
https://cloudflare.com/docs/api/v2,0
https://google.com/products,0
https://support.linkedin.com/contact-us,0
http://shvvgcew20-21s4.men/invoice,1
https://salesforce.com/blog/2025/09/article,0
http://center-ukl9.gq/click?continue=http://paypal-support.gq,1
https://linkedin.com/,0
https://amazon.com/user/settings,0
https://khanacademy.org/docs/api/v2,0
http://app-n5sx.buzz/click?goto=http://outlook-unlock.buzz,1
http://irsu.com/alert,1
http://signin-confirm-fedex-web-511.ml/signin/confirm.html,1
https://shop.wellsfargo.com/search?q=test?page=p4wc,0
http://xn--google-vmt6.rest/verify,1
http://web-e74u.tk/click?goto=http://usps-alert.tk,1
http://115.59.235.190/adobe/login.php,1
https://coursera.org/login,0
https://coursera.org/news/today,0
http://xn--usps-3tti.buzz/account,1
http://0g71v4jsat-pt5q.xyz/support,1
https://mit.edu/login,0
https://irs.gov/blog/2025/09/article,0
https://coursera.org/blog/2025/09/article,0
http://online-hz8j.click/click?goto=http://dropbox-account.click,1
http://xn--paypal-4568.icu/reset,1
https://booking.com/contact-us,0
http://bit.ly/njq1w6y,1
https://netflix.com/pricing?page=swzz,0
http://secure-ebay-alert-v0au.loan/verify,1
https://fedex.com/news/today,0
http://id-d2f1.ml/click?dest=http://dhl-login.ml,1
https://figma.com/home,0
http://tinyurl.com/4t3uw6d,1
https://github.com/pricing,0
https://shop.salesforce.com/docs/api/v2,0
http://billing-security-check-fedex-info-b28.xyz/billing/security-check.html,1
http://account-bankofamerica-login-d37s.win/login,1
http://outlook.suspend-ohz80.com-secure.net/account,1
https://netflix.com/user/settings,0
http://153.206.54.222/amazon/login.php,1
http://recover-secure-coinbase-id-tc2.work/recover/secure.html,1
http://invoice-outlook-confirm-0dfr.rest/signin,1
http://36.69.226.165/google/login.php,1
http://billing-netflix-suspend-gbko.buzz/signin,1
http://adobe.account-941kp.com-secure.net/account,1
https://khanacademy.org/pricing,0
http://unlock-support-microsoft-web-vls.loan/unlock/support.html,1
https://figma.com/,0
http://secure-whatsapp-pu8g.monster/download/invoice.zip,1
http://security-check-instagram-recover-11c7.tk/signin,1
https://mit.edu/pricing,0
https://booking.com/account/profile,0
https://mail.bankofamerica.com/blog/2025/09/article,0
http://cutt.ly/p9ksteh,1
https://amazon.com/support/tickets/123,0
https://notion.so/news/today,0
https://api.apple.com/careers,0
https://paypal.com/login,0
https://youtube.com,0
http://id-srph.loan/click?continue=http://irs-update.loan,1
https://github.com/contact-us,0
http://169.20.20.65/adobe/security-check.php,1
http://info-7qky.cf/click?dest=http://linkedin-invoice.cf,1
http://23.78.171.192/paypal/recover.php,1
http://billing-paypal-billing-l729.link/verify,1
https://paypal.com/user/settings,0
https://api.dropbox.com/,0
http://bankoafmerica.com/security-check,1
http://xn--amazon-k2ug.win/recover,1
https://paypal.com/blog/2025/09/article,0
http://info-cecp.icu/click?dest=http://fedex-wallet.icu,1
https://bbc.com/checkout/cart,0
https://wellsfargo.com/,0
http://xn--microsoft-88c8.quest/update,1
http://tinyurl.com/77d8x8o,1
http://secure-chase-i4ti.club/download/invoice.jar,1
http://account-facebook-xtpc.top/download/invoice.exe,1
https://wikipedia.org/,0
http://app-2wnx.win/click?dest=http://dhl-reset.win,1
http://update-suspend-microsoft-center-vvp.win/update/suspend.html,1
https://netflix.com/login,0
http://signin-google-update-i6uu.tk/verify,1
https://medium.com/news/today?ref=8dwo,0
http://adobe.support-v8y49.com-secure.net/account,1
https://wikipedia.org/blog/2025/09/article,0
http://xn--outlook-40q7.men/unlock,1
http://59.63.150.195/usps/login.php,1
http://amazon.net/unlock,1
http://user-4772.monster/click?redirect=http://bankofamerica-verification.monster,1
https://fedex.com,0
https://bankofamerica.com/careers,0
https://ebay.com/search?q=test,0
https://netflix.com/checkout/cart,0
https://wikipedia.org/user/settings,0
https://github.com/login,0
https://mail.canva.com/pricing,0
https://canva.com/,0
http://secure-irs-account-9gtn.buzz/verify,1
http://update-netflix-support-itzp.icu/login,1
https://usa.gov/,0
http://verify-amazon-iag0.icu/download/invoice.apk,1
http://7g4o2th83j-evrc.work/reset,1
https://adobe.com/,0
https://mail.figma.com/blog/2025/09/article,0
https://www.booking.com/products,0
https://irs.gov/careers,0
http://tinyurl.com/gly98ej,1
https://netflix.com/about,0
https://usa.gov/news/today,0
https://microsoft.com/careers,0
http://wallet-whatsapp-unlock-blqe.rest/login,1
https://airbnb.com/login,0
https://usps.com/docs/api/v2,0
https://slack.com/news/today,0
http://suspend-confirm-chase-app-gmb.men/suspend/confirm.html,1
https://github.com/login,0
http://amazon.billing-ft207.com-secure.net/account,1
https://linkedin.com/careers?lang=0c99,0
http://bankofaerica.net/update,1
http://xn--irs-bm8y.tk/secure,1
https://fedex.com/login,0
https://docs.coinbase.com/about,0
http://fed3x.quest/update,1
http://dhlu.top/billing,1
http://xn--coinbase-ne06.win/support,1
https://chase.com/careers,0
http://linkdin.com/support,1
https://harvard.edu/careers,0
http://security-check-whatsapp-recover-t0rs.club/signin,1
https://irs.gov/careers,0
https://cloudflare.com/account/profile,0
https://amazon.com/support/tickets/123,0
http://214.49.70.227/ebay/wallet.php,1
http://confirm-facebook-verification-bqp8.quest/verify,1
http://bit.ly/eqk1ibn,1
https://reddit.com/user/settings,0
https://coinbase.com/blog/2025/09/article,0
http://recover-invoice-netflix-online-pt6.ml/recover/invoice.html,1
https://twitch.tv/help/faq,0
https://paypal.com/checkout/cart,0
https://shopify.com/help/faq,0
http://auth-gzct.monster/click?next=http://ebay-suspend.monster,1
https://apple.com/home,0
https://booking.com/contact-us?ref=s3wt,0
https://amazon.com,0
https://usa.gov/home?id=psqu,0
http://105.153.5.150/irs/alert.php,1
http://reset-support-amazon-service-rsz.monster/reset/support.html,1
https://nytimes.com/checkout/cart,0
http://bit.ly/rniggtp,1
http://confirm-outlook-tlgb.click/download/invoice.scr,1
https://shopify.com/blog/2025/09/article,0
https://medium.com/products,0
https://who.int/blog/2025/09/article,0
http://coinbase.billing-5k17c.xyz/account,1
https://paypal.com/help/faq,0
http://rebrand.ly/a8ldbq8,1
http://usps.update-obo1y.com-secure.net/account,1
http://2.223.201.43/instagram/unlock.php,1
https://bankofamerica.com/account/profile,0
http://recover-outlook-wallet-esw6.win/signin,1
https://bankofamerica.com/careers,0
http://145.129.148.162/linkedin/verify.php,1
http://unlock-amazon-alert-2nlu.club/verify,1
https://netflix.com/help/faq,0
http://bit.ly/t6wfsjd,1
https://cloudflare.com/pricing?lang=565o,0
http://hxp912zpwm-15px.work/recover,1
https://mit.edu/home,0
http://adobe.net/login,1
http://recover-wellsfargo-2vkm.icu/download/invoice.scr,1
https://medium.com/,0
http://verify-alert-apple-info-njz.monster/verify/alert.html,1
https://usps.com/products,0
https://notion.so/docs/api/v2,0
https://chase.com/blog/2025/09/article,0
http://xn--fedex-53ix.xyz/suspend,1
http://account-billing-amazon-service-xat.xyz/account/billing.html,1
http://recover-reset-netflix-user-ypo.ml/recover/reset.html,1
http://rebrand.ly/h36hw08,1
http://chse.net/wallet,1
https://shop.github.com/account/profile,0
http://rebrand.ly/ojgfg37,1
http://id-2duk.ml/click?dest=http://dropbox-security-check.ml,1
https://chase.com/pricing,0
http://support-apple-01vd.club/download/invoice.apk,1
http://3qwwwpr2du-3qkn.cf/wallet,1
https://khanacademy.org/home,0
https://mit.edu/help/faq,0
http://recover-instagram-secure-p0g0.icu/login,1
https://fedex.com/user/settings,0
https://airbnb.com/about,0
https://adobe.com/user/settings,0
https://linkedin.com/about,0
http://googlle.com/account,1
http://fdadblv1gy-jlvy.tk/security-check,1
https://wellsfargo.com/login,0
http://yjs6eolmv2-b2ep.gq/login,1
https://netflix.com/user/settings,0
http://cha5e.com/login,1
http://session-v45q.quest/click?continue=http://amazon-secure.quest,1
https://fedex.com/blog/2025/09/article,0
http://app-tc20.click/click?dest=http://linkedin-support.click,1
https://usps.com/docs/api/v2,0
https://stackoverflow.com/login,0
http://login-irs-orlq.buzz/download/invoice.zip,1
https://linkedin.com/support/tickets/123?id=7cze,0
https://coursera.org/user/settings,0
https://dropbox.com/pricing,0
http://chqse.quest/unlock,1
http://account-wellsfargo-46st.rest/download/invoice.jar,1
https://paypal.com/products,0
https://mail.coursera.org/careers,0
http://online-8j84.cf/click?redirect=http://dropbox-suspend.cf,1
https://support.irs.gov/careers,0
http://recover-coinbase-login-22zm.gq/login,1
https://wordpress.com/account/profile,0
http://security-check-paypal-8p3y.icu/download/invoice.exe,1
https://youtube.com/account/profile,0
https://zoom.us/checkout/cart?id=v473,0
https://zoom.us/,0
https://shop.slack.com/products,0
https://bbc.com/careers,0
https://bbc.com/blog/2025/09/article,0
https://amazon.com/home,0
http://apple.net/verification,1
http://support-outlook-support-rakw.click/signin,1
https://wellsfargo.com/account/profile,0
http://52.191.187.126/paypal/verify.php,1
https://youtube.com/products?lang=aal0,0
https://booking.com/account/profile,0
http://ebay.recover-pibfi.info/account,1
https://khanacademy.org/checkout/cart,0
https://shop.wellsfargo.com/checkout/cart,0
http://adobe.net/support,1
https://bankofamerica.com/support/tickets/123,0
http://google.billing-e8gro.xyz/account,1
http://dhl.unlock-3owm0.info/account,1
http://service-jtta.monster/click?goto=http://amazon-security-check.monster,1
https://shop.apple.com/,0
https://usa.gov/login,0
https://apple.com/,0
https://linkedin.com/docs/api/v2,0
http://auth-t7ub.icu/click?next=http://facebook-invoice.icu,1
http://xn--adobe-g9ht.quest/suspend,1
https://mail.reddit.com/search?q=test,0
http://amzaon.com/secure,1
https://bbc.com/search?q=test,0
http://billing-alert-netflix-session-p7a.icu/billing/alert.html,1
https://nytimes.com/contact-us,0
https://medium.com,0
https://twitch.tv/careers,0
https://wikipedia.org/products,0
https://figma.com/account/profile,0
http://cutt.ly/x2h1e40,1
https://spotify.com/products?lang=x9g7,0
https://medium.com/login,0
https://twitch.tv/checkout/cart,0
https://stackoverflow.com/careers,0
http://unlock-microsoft-reset-m4m5.men/signin,1
https://shop.wordpress.com/contact-us,0
http://0rv57zuuw5-wglq.buzz/support,1
http://reset-google-confirm-zimu.men/login,1
https://booking.com/help/faq?lang=63pn,0
http://secure-alert-amazon-portal-6ah.men/secure/alert.html,1
http://netfllix.com/wallet,1
http://verification-invoice-instagram-team-bp8.cf/verification/invoice.html,1
https://shopify.com,0
http://support-verify-amazon-web-jyz.link/support/verify.html,1
http://verify-instagram-suspend-h2gy.xyz/verify,1
http://unlock-billing-fedex-auth-96t.tk/unlock/billing.html,1
https://cloudflare.com/checkout/cart,0
https://harvard.edu/support/tickets/123,0
https://nytimes.com/blog/2025/09/article,0
https://support.shopify.com/careers,0
https://usps.com/account/profile,0
http://xn--linkedin-ep9f.cf/wallet,1
https://usa.gov/user/settings?page=yi78,0
https://irs.gov/products,0
https://adobe.com/about,0
https://who.int/checkout/cart,0
http://linkedin.net/support,1
http://secure-unlock-irs-info-yu9.loan/secure/unlock.html,1
https://reddit.com/account/profile,0
https://chase.com/login,0
http://login-adobe-verification-d89v.xyz/verify,1
http://facebook.alert-2l0g0.xyz/account,1
http://j35n8kyqzc-f59w.buzz/alert,1
http://account-suspend-adobe-web-ses.monster/account/suspend.html,1
http://a1klhljsl2-144t.loan/signin,1
http://outlook.reset-rcr4z.com-secure.net/account,1
https://fedex.com/help/faq,0
http://netlix.com/verify,1
https://coursera.org/account/profile,0
https://mail.shopify.com,0
https://google.com/support/tickets/123,0
http://dhle.net/reset,1
https://github.com/search?q=test,0
http://bankofamerica.reset-c7gaq.xyz/account,1
https://usa.gov/careers,0
http://security-check-dropbox-secure-dsap.rest/login,1
http://coinbase.verification-46ayy.xyz/account,1
https://docs.amazon.com/pricing?lang=67kd,0
https://cloudflare.com,0
http://183.203.243.202/apple/unlock.php,1
https://booking.com/pricing,0
https://coursera.org/docs/api/v2,0
https://wikipedia.org/contact-us,0
http://99jpkuxp8n-u9tr.club/suspend,1
http://paypal.confirm-6kmoj.com-secure.net/account,1
https://microsoft.com/home,0
https://github.com,0
https://wikipedia.org/contact-us,0
https://wordpress.com/blog/2025/09/article,0
http://session-3llw.rest/click?redirect=http://facebook-recover.rest,1
http://alert-amazon-secure-danc.win/signin,1
https://support.mit.edu/help/faq,0
https://khanacademy.org/checkout/cart,0
http://whastapp.link/verify,1
http://chase.invoice-72mvt.com-secure.net/account,1
http://cutt.ly/w02byle,1
http://uss.gq/unlock,1
http://163.225.23.244/dhl/update.php,1
http://wellsfargo.security-check-rbrmp.xyz/account,1
http://team-g5xr.rest/click?goto=http://netflix-security-check.rest,1
https://wordpress.com/pricing,0
http://reset-confirm-netflix-user-l8g.club/reset/confirm.html,1
https://www.microsoft.com/news/today,0
https://shopify.com,0
http://xn--bankofamerica-nm0h.click/signin,1
http://88.58.80.53/dhl/secure.php,1
http://ebya.monster/signin,1
http://id-pjvg.click/click?continue=http://irs-invoice.click,1
https://support.chase.com/,0
https://nytimes.com/home,0
http://rebrand.ly/kkxjh55,1
https://bankofamerica.com/login?lang=oy6g,0
https://dropbox.com/docs/api/v2,0
https://linkedin.com/checkout/cart,0
http://eby.net/unlock,1
http://xn--chase-gorj.link/suspend,1
http://xn--ebay-pact.click/update,1
http://x2bd6xessl-b2qk.work/login,1
http://security-check-microsoft-update-lrji.buzz/signin,1
http://cutt.ly/st2bt67,1
https://zoom.us/docs/api/v2?page=3bd4,0
https://coursera.org/about,0
http://cutt.ly/psoy4bp,1
http://web-jqo4.click/click?redirect=http://usps-wallet.click,1
http://billing-alert-facebook-help-fel.club/billing/alert.html,1
https://spotify.com/user/settings,0
https://airbnb.com/help/faq,0
http://202.41.166.108/dhl/signin.php,1
http://confirm-suspend-usps-auth-0xv.loan/confirm/suspend.html,1
http://bit.ly/ykca5mb,1
https://harvard.edu/careers,0
http://login-support-dropbox-id-5dw.quest/login/support.html,1
https://khanacademy.org/account/profile,0
https://ebay.com/contact-us,0
http://microosft.net/unlock,1
https://spotify.com/search?q=test,0
http://verify-amazon-reset-jio6.monster/verify,1
https://ebay.com/pricing,0
http://verification-adobe-mvf0.link/download/invoice.apk,1
https://amazon.com/products,0
https://adobe.com/about,0
http://info-w3p7.click/click?next=http://apple-update.click,1
https://nytimes.com/blog/2025/09/article,0
https://apple.com/checkout/cart,0
https://coinbase.com/support/tickets/123,0
https://coinbase.com/docs/api/v2,0
http://53.13.178.95/ebay/signin.php,1
http://paypal.wallet-ua0i0.info/account,1
http://account-whatsapp-vxpq.tk/download/invoice.msi,1
https://wordpress.com/user/settings,0
https://usa.gov/pricing,0
https://khanacademy.org/docs/api/v2,0
https://twitch.tv/help/faq,0
http://login-outlook-eh7s.click/download/invoice.zip,1
https://coursera.org/careers,0
http://vb4cj0c8y7-kkga.buzz/secure,1
https://adobe.com/docs/api/v2,0
https://paypal.com/pricing,0
https://mail.paypal.com/user/settings?id=5ye8,0
https://bbc.com,0
http://faebook.win/wallet,1
http://rebrand.ly/2kdjccv,1
https://notion.so/docs/api/v2,0
http://fedex.net/recover,1
https://wordpress.com/pricing,0
https://youtube.com/home,0
http://xn--facebook-l2b5.xyz/alert,1
https://figma.com/pricing,0
https://booking.com?lang=46ll,0
https://mit.edu/contact-us,0
http://papal.com/secure,1
http://imj2s85f22-znps.gq/verify,1
https://airbnb.com/login,0
http://secure-linkedin-recover-baou.cf/verify,1
https://notion.so/help/faq?page=t21k,0
https://spotify.com,0
http://rebrand.ly/btchtjq,1
http://wellsfargo.update-nermx.xyz/account,1
http://xn--bankofamerica-pcqu.xyz/unlock,1
http://k1wya9meju-uaj3.rest/security-check,1
https://irs.gov/products,0
http://bankofamerica.invoice-gic1b.xyz/account,1
https://salesforce.com/blog/2025/09/article,0
https://usps.com/account/profile,0
https://github.com/docs/api/v2,0
http://43.51.113.223/paypal/reset.php,1
http://app-2h4l.work/click?url=http://chase-recover.work,1
https://shop.reddit.com/help/faq,0
http://alert-bankofamerica-w211.link/download/invoice.jar,1
https://google.com/news/today,0
https://fedex.com/,0
https://khanacademy.org/search?q=test,0
http://session-iu7m.icu/click?url=http://amazon-reset.icu,1
http://xn--wellsfargo-5uo9.work/signin,1
http://signin-signin-irs-service-r9w.icu/signin/signin.html,1
https://shopify.com/products?page=0wds,0
http://19lgsts77y-y5j5.top/reset,1
http://vj07dzr81c-12m9.ml/reset,1
http://wellsfargo.unlock-ilc15.com-secure.net/account,1
https://nytimes.com/home,0
http://xn--bankofamerica-1kds.work/security-check,1
http://amazon.verification-x0vjp.info/account,1
http://recover-ebay-6m6t.cf/download/invoice.exe,1
https://wellsfargo.com/pricing,0
http://security-check-dhl-xrs4.xyz/download/invoice.zip,1
http://xn--facebook-1vm6.tk/billing,1
https://usa.gov/account/profile,0
http://online-sv1h.link/click?redirect=http://dhl-support.link,1
https://notion.so,0
http://xn--ebay-81l7.ml/login,1
http://whatsapp.reset-j1pwz.com-secure.net/account,1
https://mit.edu/news/today,0
https://netflix.com/blog/2025/09/article,0
http://wallet-amazon-l1jt.link/download/invoice.zip,1
https://harvard.edu/pricing,0
http://security-check-signin-google-help-ct2.ml/security-check/signin.html,1
http://xn--ebay-hflf.club/support,1
https://dropbox.com/products,0
http://bnakofamerica.net/account,1
https://fedex.com/docs/api/v2,0
http://249.227.23.173/paypal/invoice.php,1
https://usa.gov/search?q=test,0
http://linekdin.net/update,1
https://microsoft.com/about,0
https://dropbox.com/news/today,0
http://linkedin.com/secure,1
https://bbc.com/,0
https://khanacademy.org/search?q=test,0
http://tfpk4eud1z-1j04.men/wallet,1
https://spotify.com/careers,0
http://bjmbhgjvae-6zc5.win/login,1
https://ebay.com/login,0
https://youtube.com/account/profile,0
http://91.50.88.112/apple/verification.php,1
http://bit.ly/47vrcct,1
http://14.80.157.191/chase/verification.php,1
http://xn--wellsfargo-2vwf.top/recover,1
https://paypal.com?page=wmft,0
http://amazn.com/verify,1
https://booking.com/user/settings,0
http://86.231.117.37/instagram/account.php,1
http://132.254.253.19/usps/verify.php,1
http://rebrand.ly/9dffrca,1
https://paypal.com/about,0
https://chase.com/docs/api/v2,0
http://bit.ly/faubhr5,1
https://shop.slack.com/careers,0
http://help-01pt.monster/click?next=http://adobe-unlock.monster,1
http://xn--facebook-kiib.work/security-check,1
http://netflix.account-gi7yv.xyz/account,1
http://rebrand.ly/auv9uw5,1
http://billing-dropbox-account-snh8.quest/login,1
http://auth-vbca.buzz/click?next=http://microsoft-support.buzz,1
http://unlock-apple-wwpx.tk/download/invoice.jar,1
https://irs.gov/checkout/cart,0
http://wellsfagro.net/security-check,1
http://suspend-account-fedex-web-y09.gq/suspend/account.html,1
https://wikipedia.org/home,0
https://canva.com,0
https://wordpress.com/support/tickets/123,0
http://drropbox.com/update,1
https://twitch.tv/pricing,0
http://support-dhl-wyuc.ml/download/invoice.apk,1
http://facebook.recover-mzveu.info/account,1
https://shop.chase.com/contact-us?page=9ndl,0
http://wellsfargo.update-gz1pn.xyz/account,1
http://tinyurl.com/9uradf5,1
http://aple.net/support,1
https://api.medium.com/help/faq,0
http://amazn.net/invoice,1
https://microsoft.com/blog/2025/09/article,0
http://microsoft.verification-perlh.info/account,1
https://khanacademy.org/account/profile,0
http://226.47.166.4/fedex/confirm.php,1
https://figma.com/careers,0
http://222.41.207.97/microsoft/account.php,1
https://apple.com/docs/api/v2,0
http://support-wallet-amazon-session-8oz.top/support/wallet.html,1
https://docs.cloudflare.com/checkout/cart,0
https://mit.edu/docs/api/v2,0
https://linkedin.com/home,0
https://www.airbnb.com/home?ref=xi9d,0
http://reset-reset-usps-portal-zik.xyz/reset/reset.html,1
http://99vu7j7rpo-b14r.loan/security-check,1
https://wellsfargo.com/about,0
http://invoice-security-check-dropbox-web-p7m.link/invoice/security-check.html,1
https://salesforce.com/help/faq,0
https://wordpress.com/login,0
http://fdex.net/account,1
https://dropbox.com/pricing,0
https://bankofamerica.com/help/faq,0
http://184.235.244.203/chase/confirm.php,1
https://docs.amazon.com/careers?page=aghn,0
https://www.coursera.org/blog/2025/09/article,0
https://nytimes.com/blog/2025/09/article,0
http://ithf1vbiac-cjtx.cf/account,1
http://rebrand.ly/gwuqr0b,1
http://invoice-bankofamerica-ykz3.club/download/invoice.zip,1
https://slack.com/pricing,0
http://account-login-wellsfargo-web-vzu.club/account/login.html,1
https://github.com/login,0
http://signin-dropbox-invoice-k444.win/verify,1
https://spotify.com/blog/2025/09/article,0
http://adobe.signin-05y0i.info/account,1
http://id-jvql.gq/click?redirect=http://netflix-unlock.gq,1
http://update-linkedin-verification-uw14.click/login,1
https://salesforce.com/,0
https://paypal.com/about,0
http://fedex.reset-3me1r.info/account,1
http://5.135.165.159/outlook/unlock.php,1
https://api.zoom.us,0
http://xn--adobe-e2nk.click/recover,1
https://twitch.tv/careers?id=sf4h,0
http://id-mltl.xyz/click?dest=http://coinbase-verify.xyz,1
http://7.67.98.224/dropbox/recover.php,1
https://mit.edu/careers,0
https://who.int,0
http://118.168.171.52/wellsfargo/unlock.php,1
https://slack.com/blog/2025/09/article?lang=gvbs,0
https://shop.usps.com/account/profile,0
https://netflix.com/login,0
http://112.142.79.248/linkedin/verification.php,1
https://usps.com/careers?ref=1iqx,0
https://apple.com/user/settings,0
http://app-dvdz.xyz/click?continue=http://coinbase-confirm.xyz,1
http://164.135.123.63/ebay/security-check.php,1
http://confirm-coinbase-suspend-hd5t.top/login,1
http://signin-dhl-3g55.xyz/download/invoice.jar,1
https://coinbase.com/news/today,0
http://alert-wellsfargo-u688.buzz/download/invoice.msi,1
http://appel.com/reset,1
http://account-outlook-billing-tenp.click/signin,1
https://microsoft.com/products,0
https://www.shopify.com/,0
https://usa.gov/pricing?id=swdv,0
http://bit.ly/pa4z7vc,1
http://verification-account-wellsfargo-service-c8p.monster/verification/account.html,1
https://bbc.com/account/profile,0
http://facebook.support-r2i0q.com-secure.net/account,1
http://76.155.212.225/google/billing.php,1
https://www.adobe.com/user/settings,0
https://twitch.tv/docs/api/v2,0
http://cutt.ly/8gsc8qf,1
http://ciiior8cen-219o.tk/billing,1
http://invoice-facebook-signin-2trr.cf/login,1
http://xn--netflix-lahf.work/secure,1
https://mit.edu/home,0
http://oultook.tk/confirm,1
https://wikipedia.org/contact-us,0
https://zoom.us/contact-us,0
http://bit.ly/pefx75z,1
https://coursera.org/account/profile,0
http://1akqrjcofw-7iv7.monster/login,1
https://ebay.com/search?q=test,0
https://bankofamerica.com,0
http://netflix.alert-uhaua.xyz/account,1
https://notion.so/account/profile,0
http://amazon.reset-6x0o5.com-secure.net/account,1
https://booking.com/careers,0
https://who.int/help/faq?id=j0dt,0
https://microsoft.com/user/settings,0
http://108.168.124.177/adobe/secure.php,1
https://fedex.com/about,0
https://bbc.com,0
https://coinbase.com/contact-us,0
http://verification-fedex-8bqs.monster/download/invoice.zip,1
http://verification-secure-paypal-service-chk.monster/verification/secure.html,1
https://microsoft.com/,0
https://chase.com/?lang=40v1,0
https://paypal.com,0
http://dhl.alert-xq1vs.com-secure.net/account,1
http://apple.verify-f9xqv.xyz/account,1
http://billing-facebook-verification-8fpx.xyz/signin,1
http://login-microsoft-x0ef.club/download/invoice.zip,1
http://invoice-chase-rovo.buzz/download/invoice.scr,1
http://dropbox.account-5jcs8.xyz/account,1
https://reddit.com/careers,0
https://stackoverflow.com/contact-us,0
http://payal.com/unlock,1
http://apple.invoice-vtzu2.info/account,1
https://usps.com/news/today,0
https://support.zoom.us/about,0
http://microsfot.com/signin,1
https://bankofamerica.com/help/faq,0
https://harvard.edu/login,0
https://salesforce.com/products?page=16wt,0
http://6352lx1ath-pq7l.rest/recover,1
https://docs.linkedin.com/news/today,0
https://wellsfargo.com/pricing,0
https://bbc.com/search?q=test,0
https://who.int/pricing,0
http://reset-adobe-account-az13.link/signin,1
https://coinbase.com/checkout/cart,0
https://stackoverflow.com/help/faq,0
https://harvard.edu/help/faq,0
http://security-check-google-wsx7.tk/download/invoice.jar,1
http://login-linkedin-signin-fkf9.loan/login,1
https://slack.com/about,0
https://coursera.org/about,0
https://www.reddit.com/search?q=test,0
https://usa.gov/blog/2025/09/article,0
http://login-invoice-wellsfargo-service-8xe.icu/login/invoice.html,1
https://twitch.tv/contact-us,0
https://slack.com/news/today,0
http://coibase.net/invoice,1
http://chqse.com/security-check,1
http://wallet-apple-jd0t.click/download/invoice.zip,1
http://xn--linkedin-jmlt.link/support,1
http://chae.monster/signin,1
https://airbnb.com/contact-us,0
https://adobe.com/pricing,0
https://coursera.org/help/faq,0
https://docs.harvard.edu,0
https://youtube.com/user/settings,0
https://docs.chase.com/pricing,0
http://xn--paypal-127i.loan/confirm,1
http://unlock-login-ebay-center-6dn.rest/unlock/login.html,1
http://verify-secure-apple-help-ocj.icu/verify/secure.html,1
http://146.118.23.159/dropbox/recover.php,1
http://xn--coinbase-oaah.xyz/billing,1
http://fedex.confirm-5q93z.xyz/account,1
http://tinyurl.com/kkrg7od,1
https://bbc.com/support/tickets/123,0
https://support.coinbase.com/home,0
http://67.156.55.238/adobe/billing.php,1
https://harvard.edu/home,0
http://recover-instagram-q6jp.men/download/invoice.zip,1
http://111.126.51.22/linkedin/secure.php,1
http://fedex.security-check-ypcdb.xyz/account,1
http://alert-usps-support-gjbg.work/verify,1
http://cutt.ly/dbjwuyh,1
http://facebook.signin-m4uzg.com-secure.net/account,1
http://174.25.202.17/dhl/reset.php,1
http://security-check-unlock-bankofamerica-online-cip.club/security-check/unlock.html,1
https://irs.gov/search?q=test,0
https://usa.gov,0
https://canva.com/checkout/cart,0
https://bankofamerica.com/about,0
https://nytimes.com/help/faq,0
https://apple.com/contact-us,0
https://wellsfargo.com/,0
http://center-vuhl.work/click?next=http://adobe-alert.work,1
http://xn--adobe-ajh7.gq/verification,1
http://bankofamerica.unlock-whwci.xyz/account,1
https://google.com/user/settings,0
http://adobe.com/recover,1
http://coinbase.account-wyj9p.com-secure.net/account,1
https://notion.so/news/today,0
http://security-check-verification-bankofamerica-id-k9e.work/security-check/verification.html,1
https://www.cloudflare.com/contact-us,0
https://wellsfargo.com/contact-us,0
https://youtube.com/search?q=test,0
http://facebook.wallet-l9k81.info/account,1
http://bit.ly/p1x2j2c,1
http://94.60.250.4/chase/recover.php,1
http://tinyurl.com/deuocmd,1
http://179.126.17.217/instagram/support.php,1
http://amazon.account-q0k1n.xyz/account,1
http://help-6vcy.quest/click?url=http://coinbase-reset.quest,1
http://xn--wellsfargo-51ek.top/support,1
http://service-dran.win/click?goto=http://linkedin-recover.win,1
https://fedex.com/login,0
https://docs.twitch.tv/news/today,0
http://128.53.79.104/outlook/account.php,1
https://chase.com/pricing,0
https://mail.linkedin.com/help/faq,0
https://airbnb.com/login,0
https://google.com/search?q=test,0
http://bit.ly/rt24lyb,1
https://www.linkedin.com/products,0
http://id-87rg.click/click?goto=http://bankofamerica-security-check.click,1
http://rebrand.ly/vn8al3t,1
https://adobe.com/home,0
http://xn--chase-o11f.loan/signin,1
https://harvard.edu/about,0
http://center-zqt8.cf/click?dest=http://usps-reset.cf,1
http://signin-facebook-unlock-rev8.quest/signin,1
https://adobe.com/news/today,0
https://spotify.com,0
https://canva.com/search?q=test,0
http://login-billing-instagram-help-rqa.men/login/billing.html,1
https://figma.com/login,0
https://khanacademy.org/contact-us,0
http://signin-adobe-wnio.click/download/invoice.zip,1
https://booking.com/help/faq,0
http://suspend-security-check-irs-portal-dai.win/suspend/security-check.html,1
http://linkedin.billing-hm3l3.info/account,1
https://mail.usps.com/contact-us,0
http://7tzbegpsqp-97l5.ml/verification,1
https://irs.gov/news/today,0
https://api.wikipedia.org/checkout/cart,0
http://ups.com/update,1
https://canva.com/about,0
https://apple.com/home,0
https://canva.com/,0
http://verify-fedex-yefi.click/download/invoice.apk,1
https://linkedin.com/checkout/cart,0
https://adobe.com/support/tickets/123,0
https://twitch.tv/docs/api/v2,0
http://wellssfargo.monster/account,1
https://airbnb.com/products?id=5fvd,0
https://booking.com/home,0
https://youtube.com,0
http://xn--fedex-ng5u.tk/security-check,1
http://unlock-apple-invoice-4xju.top/signin,1
http://172.118.208.231/whatsapp/verification.php,1
https://shopify.com/contact-us,0
https://mail.notion.so/home,0
http://account-update-apple-online-0h8.monster/account/update.html,1
http://150.22.253.11/irs/verification.php,1
https://notion.so/careers,0
http://login-apple-mqrr.win/download/invoice.apk,1
http://fac3book.top/signin,1
http://45.108.26.28/irs/billing.php,1
http://cutt.ly/m08bav3,1
http://help-uuon.top/click?redirect=http://adobe-update.top,1
https://nytimes.com/support/tickets/123,0
http://bvukx7az0d-em6j.monster/billing,1
https://medium.com/search?q=test,0
http://reset-ebay-hf2b.quest/download/invoice.scr,1
https://linkedin.com/products,0
http://irsa.net/support,1
https://fedex.com/contact-us,0
https://cloudflare.com/news/today,0
https://coinbase.com/about,0
https://linkedin.com/search?q=test,0
https://www.wellsfargo.com/blog/2025/09/article,0
https://twitch.tv/login,0
https://www.canva.com/checkout/cart,0
http://recover-alert-facebook-online-lko.xyz/recover/alert.html,1
https://slack.com/,0
https://salesforce.com/checkout/cart,0
http://tinyurl.com/cctaim0,1
http://11.60.52.38/ebay/verification.php,1
http://whatapp.com/verification,1
https://who.int/news/today,0
http://ibk9fu49d0-edji.rest/wallet,1
http://rebrand.ly/kagr814,1
https://canva.com/careers,0
https://coinbase.com/checkout/cart,0
https://cloudflare.com/help/faq,0
http://security-check-adobe-secure-5p4h.loan/login,1
https://spotify.com/support/tickets/123,0
http://support-dhl-security-check-vwqk.quest/verify,1
https://harvard.edu/news/today,0
http://rebrand.ly/0f6vh8z,1
http://account-account-whatsapp-app-8r6.xyz/account/account.html,1
http://apple.suspend-ui46y.com-secure.net/account,1
https://bbc.com/careers,0
http://bit.ly/hl2k8ny,1
https://api.cloudflare.com/user/settings,0
https://notion.so/home,0
http://reset-dropbox-billing-y9ub.rest/signin,1
http://billing-confirm-wellsfargo-session-i7h.rest/billing/confirm.html,1
https://www.usa.gov/,0
https://booking.com/account/profile,0
https://cloudflare.com/pricing,0
https://irs.gov/help/faq,0
https://nytimes.com/account/profile,0
https://cloudflare.com/home,0
http://insstagram.com/update,1
http://98rp18s8bk-icvc.men/support,1
https://paypal.com/account/profile,0
http://86.200.107.29/netflix/secure.php,1
https://api.coinbase.com/careers,0
https://apple.com/home,0
http://aple.net/update,1
https://who.int/news/today,0
http://portal-fc9r.loan/click?next=http://netflix-suspend.loan,1
http://wallet-facebook-q0d1.tk/download/invoice.scr,1
https://shopify.com/contact-us,0
https://api.nytimes.com/pricing?id=64xl,0
https://harvard.edu/contact-us?lang=yigb,0
http://nxyr7atuc3-nwy5.monster/billing,1
https://stackoverflow.com/docs/api/v2,0
http://adobe.login-9ex9g.com-secure.net/account,1
https://usa.gov/news/today?ref=li4u,0
http://reset-billing-chase-auth-pdj.monster/reset/billing.html,1
https://adobe.com/,0
https://coursera.org/about,0
https://salesforce.com/products,0
https://notion.so/pricing,0
http://portal-ptq2.rest/click?goto=http://paypal-unlock.rest,1
http://unlock-recover-bankofamerica-auth-l1j.club/unlock/recover.html,1
https://harvard.edu/user/settings,0
http://bankofamerica.invoice-kuxcj.com-secure.net/account,1
https://twitch.tv/home,0
https://shop.salesforce.com/,0
https://who.int/checkout/cart,0
https://khanacademy.org/careers,0
https://usa.gov/pricing,0
https://ebay.com/help/faq,0
http://66.158.110.120/linkedin/unlock.php,1
http://invoice-fedex-support-t5q9.xyz/verify,1
https://slack.com/search?q=test,0
http://xn--apple-temp.click/verify,1
https://irs.gov/account/profile,0
http://billing-amazon-verification-m0kp.quest/login,1
https://adobe.com/login,0
https://mit.edu,0
https://dropbox.com/support/tickets/123,0
http://idql7ylk0i-ay0z.cf/security-check,1
http://help-10du.men/click?dest=http://outlook-account.men,1
https://salesforce.com/careers,0
http://coinbase.invoice-it78m.xyz/account,1
http://tinyurl.com/kvkuyfg,1
http://nettflix.com/suspend,1
https://airbnb.com/careers,0
https://twitch.tv/home,0
http://help-s9vo.monster/click?dest=http://ebay-verify.monster,1
http://recover-login-fedex-portal-8ag.quest/recover/login.html,1
http://verification-outlook-j3j7.cf/download/invoice.apk,1
https://usps.com/home?ref=rogh,0
https://wordpress.com/support/tickets/123,0
https://usa.gov/checkout/cart,0
https://wikipedia.org/checkout/cart,0
http://secure-invoice-fedex-web-jyq.win/secure/invoice.html,1
http://xn--linkedin-lb2r.rest/confirm,1
http://billing-irs-ntja.men/download/invoice.exe,1
https://who.int/about,0
http://ijbgixzd9m-lccq.monster/reset,1
https://airbnb.com/blog/2025/09/article,0
http://reset-irs-security-check-z98z.win/signin,1
https://mail.github.com/login,0
https://spotify.com/login,0
https://fedex.com/pricing,0
https://irs.gov/checkout/cart,0
https://github.com,0
https://canva.com/help/faq,0
https://shopify.com/,0
http://xn--dropbox-800t.tk/alert,1
http://help-1cvc.xyz/click?continue=http://linkedin-suspend.xyz,1
https://notion.so/,0
http://reset-amazon-oipd.top/download/invoice.jar,1
https://who.int/,0
http://suspend-netflix-recover-83fh.men/signin,1
http://1ajb8fybi3-wlpo.club/verify,1
http://verify-confirm-google-center-8yy.loan/verify/confirm.html,1
http://instagram.reset-6jby4.xyz/account,1
http://support-signin-facebook-help-ej5.icu/support/signin.html,1
http://xn--fedex-cggg.men/reset,1
http://175.54.151.98/facebook/invoice.php,1
http://support-secure-usps-portal-y0z.work/support/secure.html,1
http://online-syib.buzz/click?url=http://amazon-secure.buzz,1
http://xn--amazon-9oor.monster/update,1
http://confirm-support-coinbase-team-kiu.ml/confirm/support.html,1
http://u5ps.loan/security-check,1
https://canva.com/contact-us,0
https://github.com/search?q=test,0
http://g0truwzf9u-5dzt.xyz/verify,1
https://amazon.com/news/today,0
http://suspend-secure-coinbase-web-gqz.xyz/suspend/secure.html,1
http://xn--bankofamerica-worx.club/wallet,1
https://docs.salesforce.com/account/profile?lang=7he4,0
http://google.reset-6cpw9.info/account,1
https://support.wordpress.com/pricing,0
https://nytimes.com/account/profile,0
http://session-3dvc.link/click?url=http://usps-billing.link,1
http://portal-kgew.buzz/click?url=http://wellsfargo-update.buzz,1
http://portal-xorr.win/click?goto=http://netflix-wallet.win,1
https://wellsfargo.com/account/profile,0
https://figma.com/pricing,0
https://stackoverflow.com/user/settings,0
https://usa.gov/,0
https://mail.figma.com/user/settings,0
https://slack.com/about,0
http://tinyurl.com/vem74mn,1
http://invoice-usps-9udh.cf/download/invoice.scr,1
http://bit.ly/dqhce2x,1
https://slack.com/careers,0
https://apple.com/account/profile,0
https://medium.com/help/faq,0
http://service-go8c.monster/click?url=http://paypal-unlock.monster,1
https://usps.com?page=zwzz,0
https://cloudflare.com/search?q=test,0
http://wallet-wellsfargo-secure-dfi9.icu/login,1
https://twitch.tv/products,0
http://unlock-bankofamerica-security-check-flmy.rest/signin,1
http://security-check-adobe-aonf.ml/download/invoice.scr,1
https://mit.edu/about,0
https://cloudflare.com/products,0
https://chase.com/contact-us,0
https://dropbox.com/products,0
https://google.com/about,0
http://tinyurl.com/nbz42nb,1
https://shop.bankofamerica.com/docs/api/v2?id=u52v,0
https://twitch.tv/user/settings,0
http://update-google-security-check-liet.xyz/login,1
http://bit.ly/0cef65u,1
https://microsoft.com/news/today,0
http://yqxngu3du3-hf78.win/billing,1
https://paypal.com/contact-us,0
https://shopify.com/,0
https://mail.salesforce.com/about,0
https://youtube.com/blog/2025/09/article,0
http://signin-dhl-secure-uw49.tk/login,1
http://111.185.130.214/outlook/confirm.php,1
http://94.12.220.174/outlook/recover.php,1
http://xn--whatsapp-x9jy.tk/alert,1
http://instagarm.net/billing,1
https://canva.com/search?q=test,0
https://slack.com/search?q=test,0
http://xn--facebook-xwfc.top/update,1
http://103.138.254.114/chase/login.php,1
http://recover-irs-account-gdxn.win/signin,1
http://cutt.ly/agl64tp,1
http://bit.ly/e8mboti,1
http://cutt.ly/qbih01z,1
http://pqypal.quest/suspend,1
https://irs.gov/docs/api/v2,0
https://stackoverflow.com/pricing?lang=lbxp,0
https://slack.com/home,0
https://docs.linkedin.com/checkout/cart,0
http://usps.unlock-b0c05.info/account,1
https://mail.notion.so/home,0
http://linkedin.update-ghu8f.com-secure.net/account,1
https://api.shopify.com/home,0
https://fedex.com/user/settings,0
http://cwif74o7rr-qctx.top/unlock,1
http://ussp.com/account,1
https://harvard.edu,0
https://shop.shopify.com/pricing,0
https://khanacademy.org/account/profile,0
http://bank0famerica.work/invoice,1
http://xn--amazon-jgsx.icu/login,1
http://service-1nym.gq/click?redirect=http://wellsfargo-security-check.gq,1
http://user-539r.xyz/click?next=http://linkedin-verify.xyz,1
https://khanacademy.org,0
https://twitch.tv/blog/2025/09/article,0
https://docs.salesforce.com,0
http://245.26.188.110/ebay/wallet.php,1
https://twitch.tv/,0
https://docs.paypal.com/checkout/cart,0
https://google.com/support/tickets/123,0
https://dropbox.com/products,0
https://amazon.com/help/faq,0
http://security-check-alert-instagram-app-q5q.win/security-check/alert.html,1
https://github.com/user/settings,0
http://center-lmi1.win/click?goto=http://amazon-verify.win,1
https://canva.com,0
https://zoom.us/pricing,0
http://outolok.men/update,1
https://khanacademy.org/checkout/cart,0
https://harvard.edu/support/tickets/123?page=5j28,0
https://support.canva.com/support/tickets/123,0
http://w3llsfargo.net/verification,1
https://google.com/blog/2025/09/article,0
https://wikipedia.org/support/tickets/123,0
https://booking.com/login,0
http://secure-verification-amazon-app-vfm.xyz/secure/verification.html,1
https://amazon.com/search?q=test,0
https://usa.gov/blog/2025/09/article,0
https://support.netflix.com/home,0
http://update-wallet-adobe-user-1sn.gq/update/wallet.html,1
http://fedex.update-ox20f.info/account,1
http://login-chase-k42w.cf/download/invoice.zip,1
https://coinbase.com/search?q=test,0
https://youtube.com/docs/api/v2,0
https://airbnb.com/account/profile,0
http://auth-h475.monster/click?dest=http://bankofamerica-invoice.monster,1
https://linkedin.com/docs/api/v2,0
https://bbc.com/careers,0
https://docs.wellsfargo.com/search?q=test,0
https://coursera.org/checkout/cart,0
http://cutt.ly/ys2h529,1
http://xn--coinbase-b8rn.click/recover,1
http://adobe.com/alert,1
https://reddit.com/contact-us,0
https://coursera.org/help/faq,0
http://xn--adobe-gaup.gq/support,1
http://cutt.ly/k65r83r,1
http://adoobe.net/unlock,1
http://signin-dropbox-f4tw.club/download/invoice.exe,1
https://irs.gov,0
http://skyzjg34v9-cev8.tk/reset,1
https://support.figma.com/support/tickets/123,0
https://chase.com/checkout/cart,0
https://chase.com/,0
https://linkedin.com/pricing,0
https://api.nytimes.com/about,0
https://khanacademy.org/about,0
http://support-irs-confirm-gq4y.ml/verify,1
http://session-d3mr.men/click?redirect=http://wellsfargo-support.men,1
https://shop.twitch.tv/user/settings,0
http://security-check-security-check-facebook-help-kkw.win/security-check/security-check.html,1
https://shopify.com/help/faq,0
https://netflix.com/blog/2025/09/article,0
http://confirm-usps-verify-t8lu.top/signin,1
https://salesforce.com/search?q=test,0
https://cloudflare.com/help/faq,0
https://coinbase.com/home,0
http://suspend-secure-netflix-portal-0fx.click/suspend/secure.html,1
http://verification-outlook-2e8s.men/download/invoice.scr,1
https://chase.com/products,0
https://twitch.tv,0
http://info-lqf1.buzz/click?redirect=http://microsoft-suspend.buzz,1
http://42.227.46.210/dropbox/secure.php,1
https://zoom.us/,0
https://zoom.us/?lang=yvzm,0
https://figma.com/login,0
https://airbnb.com/home,0
http://dhla.icu/security-check,1
https://www.irs.gov/docs/api/v2,0
http://likedin.com/security-check,1
http://rebrand.ly/mafddcd,1
http://tinyurl.com/t42sjij,1
http://2b581zh34d-z5pz.xyz/unlock,1
http://bit.ly/vd88obr,1
https://dropbox.com/login?id=jbq9,0
http://u5ps.work/signin,1
https://wordpress.com/news/today,0
http://93gv7qex1b-8igo.ml/unlock,1
http://unlock-coinbase-eqhy.monster/download/invoice.zip,1
https://apple.com/blog/2025/09/article,0
http://login-linkedin-account-mdl6.top/verify,1
http://cutt.ly/kgf807s,1
https://linkedin.com/blog/2025/09/article,0
http://xn--amazon-e4y4.ml/suspend,1
http://42.42.209.144/chase/alert.php,1
http://confirm-adobe-signin-we3t.link/verify,1
http://outlook.security-check-7xrz0.com-secure.net/account,1
http://rebrand.ly/hjzgw9o,1
https://irs.gov/careers,0
https://apple.com/support/tickets/123,0
https://coursera.org/pricing,0
https://salesforce.com/user/settings,0
https://chase.com/products,0
http://dropboox.net/verification,1
https://adobe.com/docs/api/v2,0
https://docs.linkedin.com/checkout/cart,0
http://instagram.invoice-c2228.com-secure.net/account,1
https://microsoft.com/news/today,0
http://session-65oj.icu/click?redirect=http://apple-update.icu,1
http://login-security-check-google-app-ow1.work/login/security-check.html,1
https://stackoverflow.com/login,0
http://irse.com/verify,1
http://instagram.verification-5hnig.xyz/account,1
http://cutt.ly/anzq6fh,1
https://shopify.com/help/faq,0
https://booking.com/pricing,0
https://bankofamerica.com/account/profile,0
https://usa.gov/home,0
http://microsoft.invoice-f9ruk.com-secure.net/account,1
https://www.airbnb.com/?lang=l2wt,0
https://wellsfargo.com/help/faq,0
http://linkedin.update-fee60.com-secure.net/account,1
https://paypal.com/home,0
http://support-bankofamerica-fuxe.club/download/invoice.msi,1
https://wikipedia.org/contact-us,0
https://khanacademy.org/docs/api/v2,0
http://verify-verify-adobe-portal-n7q.win/verify/verify.html,1
https://harvard.edu/home,0
https://youtube.com/support/tickets/123,0
https://notion.so/,0
https://docs.khanacademy.org/,0
http://104.145.142.19/facebook/reset.php,1
http://m1crosoft.com/invoice,1
http://dhl.unlock-mnf6x.info/account,1
https://slack.com/search?q=test,0
http://ou4r9vvmiu-opp5.tk/confirm,1
http://coinbase.recover-xyb51.xyz/account,1
https://bankofamerica.com/home,0
http://adobbe.com/update,1
https://twitch.tv/news/today,0
http://update-chase-47od.club/download/invoice.jar,1
http://151.107.242.71/wellsfargo/unlock.php,1
https://shop.slack.com/careers,0
https://wikipedia.org/blog/2025/09/article,0
http://team-epku.gq/click?redirect=http://netflix-reset.gq,1
http://9ugooi3k5l-8fkh.top/account,1
https://medium.com/,0
http://security-check-apple-verification-fvcg.buzz/login,1
http://ge62h6epnu-x0e1.top/signin,1
https://slack.com/contact-us,0
http://mirosoft.net/security-check,1
https://booking.com/help/faq,0
http://wallet-verification-paypal-online-1vb.loan/wallet/verification.html,1
https://linkedin.com,0
http://security-check-ebay-confirm-ek15.quest/verify,1
http://verification-unlock-whatsapp-auth-7dg.tk/verification/unlock.html,1
http://suspend-signin-ebay-info-krf.quest/suspend/signin.html,1
http://63qr5dh5mk-b70v.ml/account,1
http://user-fu68.icu/click?next=http://bankofamerica-confirm.icu,1
http://215.142.41.243/usps/recover.php,1
http://coinbase.confirm-nlbul.com-secure.net/account,1
https://dropbox.com/about,0
https://wordpress.com/news/today,0
http://xn--whatsapp-gyiu.men/support,1
http://outlook.suspend-516zm.info/account,1
https://mit.edu/news/today,0
http://alert-apple-suspend-1jek.gq/verify,1
http://verify-dropbox-wallet-e4ty.link/signin,1
https://microsoft.com/products,0
http://security-check-usps-support-iq3i.win/verify,1
https://zoom.us/careers,0
http://outlook.update-q8xa5.xyz/account,1
https://stackoverflow.com/contact-us,0
https://usps.com/products,0
http://outl0ok.net/alert,1
https://coinbase.com/,0
http://support-instagram-xq7k.monster/download/invoice.exe,1
https://ebay.com/help/faq,0
https://fedex.com/products,0
https://www.google.com/pricing,0
https://api.irs.gov/user/settings,0
https://dropbox.com/products,0
https://mail.netflix.com/about,0
https://amazon.com/docs/api/v2,0
https://zoom.us/search?q=test,0
https://zoom.us/about,0
http://innstagram.com/update,1
https://usps.com/help/faq,0
https://usa.gov/blog/2025/09/article,0
https://twitch.tv/support/tickets/123,0
https://nytimes.com/blog/2025/09/article,0
https://apple.com/docs/api/v2,0
https://nytimes.com/careers,0
http://xn--google-lp8z.win/verify,1
http://ebqy.com/update,1
http://chdteqvyrk-i3hi.xyz/login,1
http://irsa.com/support,1
https://wordpress.com/user/settings,0
http://reset-signin-google-service-srb.men/reset/signin.html,1
http://service-fufe.tk/click?dest=http://dhl-verify.tk,1
http://secure-secure-apple-id-fyj.men/secure/secure.html,1
http://xn--netflix-1rql.top/confirm,1
https://chase.com/contact-us?ref=ihyw,0
http://tinyurl.com/hlzcd81,1
https://shopify.com/products,0
https://cloudflare.com,0
http://user-45c1.link/click?dest=http://apple-secure.link,1
https://paypal.com/careers,0
http://account-paypal-grs7.gq/download/invoice.apk,1
http://reset-wellsfargo-d3sc.gq/download/invoice.apk,1
http://w3llsfargo.com/billing,1
http://wallet-verify-facebook-web-8kv.monster/wallet/verify.html,1
https://nytimes.com/news/today,0
https://dropbox.com/user/settings,0
http://dropbox.verify-fkdfs.xyz/account,1
http://reset-ebay-dtu4.icu/download/invoice.scr,1
https://usps.com/home,0
http://google.login-o5awf.xyz/account,1
https://figma.com/about,0
http://unlock-invoice-instagram-service-mhs.rest/unlock/invoice.html,1
http://session-u9uk.loan/click?goto=http://chase-invoice.loan,1
https://www.notion.so/login,0
https://amazon.com/pricing,0
https://docs.netflix.com/user/settings?lang=58a5,0
http://he4f1do89z-n0up.men/login,1
http://id-q97s.win/click?dest=http://microsoft-signin.win,1
http://secure-verification-facebook-service-89k.click/secure/verification.html,1
http://verification-dhl-b0jh.rest/download/invoice.zip,1
https://medium.com/user/settings,0
http://rebrand.ly/b3v7848,1
https://wellsfargo.com/home,0
http://signin-ebay-reset-6kjg.cf/login,1
http://nbwysg9qm2-8s12.men/verification,1
https://notion.so/products,0
https://irs.gov/careers,0
http://paypal.alert-5e38r.xyz/account,1
https://github.com/blog/2025/09/article,0
http://xn--whatsapp-nsnx.cf/billing,1
https://spotify.com/blog/2025/09/article,0
https://medium.com/contact-us,0
https://google.com/pricing,0
https://github.com/news/today,0
https://api.fedex.com/careers,0
http://invoice-amazon-verify-5g3u.cf/login,1
http://84.225.65.93/apple/signin.php,1
https://chase.com/search?q=test,0
http://account-fedex-chal.gq/download/invoice.exe,1
http://101.124.184.70/dropbox/alert.php,1
https://who.int/careers,0
http://rebrand.ly/m4g6lmj,1
http://netflix.suspend-8pdx4.com-secure.net/account,1
http://tinyurl.com/05n1zt7,1
http://session-wdku.monster/click?next=http://dhl-login.monster,1
http://184.104.73.228/amazon/verify.php,1
http://help-49zn.xyz/click?redirect=http://outlook-security-check.xyz,1
http://irsi.net/account,1
https://shop.spotify.com/account/profile,0
http://id-ozl9.click/click?redirect=http://linkedin-confirm.click,1
https://who.int/blog/2025/09/article,0
http://support-google-arre.loan/download/invoice.scr,1
https://docs.khanacademy.org,0
http://zfvlyzxver-5ykx.rest/signin,1
https://www.coursera.org/news/today,0
http://google.secure-hr2nf.info/account,1
https://nytimes.com/home,0
https://shop.stackoverflow.com/user/settings?id=hhfi,0
https://adobe.com/home,0
https://nytimes.com/account/profile,0
https://twitch.tv/blog/2025/09/article,0
https://linkedin.com,0
https://usps.com/home,0
http://weellsfargo.quest/verification,1
https://google.com/blog/2025/09/article,0
http://update-chase-alert-ibqv.xyz/login,1
https://salesforce.com/search?q=test,0
https://apple.com/,0
http://ebbay.net/support,1
http://recover-bankofamerica-wallet-rfea.icu/signin,1
http://team-fq1c.monster/click?next=http://netflix-alert.monster,1
http://191.204.57.187/wellsfargo/alert.php,1
https://linkedin.com/blog/2025/09/article,0
http://xn--ebay-59im.quest/recover,1
https://slack.com/careers,0
https://shopify.com/contact-us,0
https://who.int/careers,0
http://ry1980w6mr-6ms9.ml/unlock,1
https://harvard.edu/blog/2025/09/article,0
https://api.cloudflare.com/help/faq,0
http://id-1gh6.rest/click?redirect=http://ebay-secure.rest,1
http://156.37.225.216/netflix/update.php,1
http://user-ijw6.click/click?redirect=http://linkedin-verification.click,1
https://who.int/careers,0
https://shop.reddit.com/support/tickets/123,0
https://zoom.us/home,0
http://xn--chase-wkmw.club/update,1
https://docs.reddit.com/pricing,0
https://figma.com/login,0
https://irs.gov/,0
https://paypal.com/about,0
https://microsoft.com/about,0
https://docs.cloudflare.com/news/today,0
https://wordpress.com/pricing,0
https://airbnb.com/products,0
https://slack.com/search?q=test,0
https://khanacademy.org/products,0
http://wellsfargo.suspend-1uimq.com-secure.net/account,1
https://coinbase.com/home,0
http://invoice-dhl-gwo6.tk/download/invoice.apk,1
https://docs.wordpress.com/docs/api/v2,0
https://shop.coursera.org/support/tickets/123,0
https://dropbox.com/,0
http://rebrand.ly/7043uit,1
https://khanacademy.org/support/tickets/123,0
https://apple.com,0
http://verify-dhl-support-wto2.quest/login,1
http://support-dhl-kiib.tk/download/invoice.exe,1
https://wikipedia.org/account/profile,0
http://verification-irs-xqea.loan/download/invoice.apk,1
https://dropbox.com/help/faq,0
https://bbc.com/careers,0
https://api.shopify.com/products,0
http://43.102.12.60/microsoft/wallet.php,1
https://booking.com/about,0
https://apple.com/home,0
http://unlock-coinbase-6b1i.cf/download/invoice.scr,1
http://unlock-outlook-recover-2evb.ml/signin,1
https://reddit.com/user/settings,0
https://booking.com/contact-us,0
https://api.harvard.edu/help/faq?lang=1bvq,0
http://l1nkedin.com/account,1
http://s1nnpv0imd-m3tq.buzz/verify,1
https://paypal.com/search?q=test,0
https://docs.apple.com/account/profile,0
https://usps.com/docs/api/v2,0
http://confirm-wellsfargo-gilz.club/download/invoice.zip,1
http://xn--google-str2.gq/suspend,1
http://146.54.180.112/google/update.php,1
http://dropbox.com/reset,1
https://stackoverflow.com/support/tickets/123,0
https://youtube.com/blog/2025/09/article,0
https://notion.so/blog/2025/09/article,0
http://invoice-account-paypal-online-odv.quest/invoice/account.html,1
http://v74hr7bj0o-jw5b.xyz/alert,1
http://wellsfargo.signin-all51.info/account,1
https://wordpress.com/pricing,0
http://adobe.update-mt8fn.xyz/account,1
http://pxxv6azeoi-5mcn.xyz/signin,1
https://apple.com/products,0
https://twitch.tv/docs/api/v2,0
https://wellsfargo.com/products,0
https://who.int/contact-us?ref=jdrz,0
https://paypal.com/contact-us,0
https://slack.com/news/today,0
https://support.chase.com/home,0
https://shop.mit.edu/checkout/cart,0
http://web-nlc0.xyz/click?dest=http://netflix-wallet.xyz,1
http://verify-outlook-litz.buzz/download/invoice.exe,1
http://service-ae2o.xyz/click?goto=http://outlook-verify.xyz,1
https://mit.edu/products,0
https://khanacademy.org/careers,0
http://57.120.235.252/google/security-check.php,1
http://182.209.204.196/chase/login.php,1
http://signin-ebay-support-lmr1.buzz/login,1
http://alert-ebay-bs95.link/download/invoice.apk,1
http://secure-instagram-confirm-xz2o.men/signin,1
http://outlook.suspend-1tofy.info/account,1
http://f3dex.com/suspend,1
http://98ga1e5nu0-pg0m.loan/reset,1
https://slack.com/login?page=1231,0
http://apple.support-rzxph.info/account,1
http://153.242.60.190/coinbase/security-check.php,1
https://docs.usps.com/products,0
https://usa.gov/pricing,0
http://google.account-gg54u.com-secure.net/account,1
https://cloudflare.com/docs/api/v2,0
http://mcrosoft.click/verification,1
http://account-billing-bankofamerica-portal-yx8.work/account/billing.html,1
http://alert-paypal-reset-uvk1.click/login,1
https://shop.spotify.com,0
https://wikipedia.org,0
https://reddit.com/blog/2025/09/article,0
http://support-login-facebook-service-noj.loan/support/login.html,1
https://microsoft.com,0
https://ebay.com/help/faq,0
http://online-9jll.work/click?next=http://paypal-suspend.work,1
https://api.canva.com/contact-us,0
http://verification-microsoft-invoice-8rig.ml/signin,1
https://shop.who.int/account/profile,0
http://rla01dtwj7-81ay.cf/secure,1
https://reddit.com/blog/2025/09/article,0
http://wallet-secure-adobe-id-nzx.work/wallet/secure.html,1
http://xn--bankofamerica-nt9o.xyz/support,1
https://figma.com/support/tickets/123,0
http://xn--dhl-g1ey.quest/invoice,1
http://center-xth0.click/click?dest=http://dhl-login.click,1
https://docs.microsoft.com/checkout/cart,0
http://xn--linkedin-ocse.click/verify,1
https://usps.com/about,0
http://linkedin.reset-5xf2e.com-secure.net/account,1
https://fedex.com/home,0
https://adobe.com/docs/api/v2,0
https://netflix.com/news/today,0
http://135.94.127.58/whatsapp/verification.php,1
http://web-xgdy.quest/click?next=http://bankofamerica-unlock.quest,1
http://49.163.67.207/ebay/update.php,1
https://adobe.com/home,0
http://alert-verification-linkedin-portal-kft.gq/alert/verification.html,1
https://microsoft.com/pricing,0
http://invoice-amazon-unlock-dp5e.gq/signin,1
http://secure-adobe-support-fjed.top/login,1
http://xn--adobe-g5pi.buzz/secure,1
https://bbc.com/blog/2025/09/article,0
https://netflix.com,0
http://chase.wallet-cw237.com-secure.net/account,1
http://info-ycs9.xyz/click?redirect=http://dropbox-update.xyz,1
https://mail.medium.com/pricing?lang=59p4,0
http://team-up4n.ml/click?url=http://whatsapp-reset.ml,1
http://dh9yp5iyne-wyvw.cf/update,1
https://figma.com/products,0
http://faecbook.gq/signin,1
https://wordpress.com/docs/api/v2,0
https://api.fedex.com/careers,0
http://umgnlxn047-gp12.win/verification,1
http://xn--coinbase-zm2c.xyz/confirm,1
https://who.int/contact-us,0
https://docs.figma.com/careers,0
http://reset-chase-d8h4.quest/download/invoice.apk,1
http://signin-wellsfargo-viwm.cf/download/invoice.jar,1
https://irs.gov/support/tickets/123,0
http://login-dhl-taws.top/download/invoice.exe,1
https://bankofamerica.com/support/tickets/123,0
https://netflix.com/news/today,0
http://xn--adobe-mer1.quest/confirm,1
http://wallet-irs-suspend-r7ux.work/signin,1
https://linkedin.com/support/tickets/123,0
https://ebay.com/contact-us,0
https://notion.so/checkout/cart,0
http://recover-chase-signin-96jh.rest/verify,1
https://apple.com/account/profile?lang=3rav,0
https://adobe.com/products,0
https://airbnb.com/careers,0
https://ebay.com/careers,0
http://info-cr3l.tk/click?dest=http://outlook-recover.tk,1
http://rebrand.ly/lscuwps,1
https://www.usa.gov/login,0
http://bit.ly/ep9i2le,1
http://ahrdcwj28e-bxu7.gq/confirm,1
http://team-1cdx.win/click?dest=http://fedex-verify.win,1
http://54.244.49.249/adobe/confirm.php,1
http://auth-09v6.buzz/click?next=http://chase-billing.buzz,1
https://usa.gov/user/settings,0
http://coinbase.signin-en5na.com-secure.net/account,1
https://nytimes.com/news/today,0
http://227.13.105.65/usps/wallet.php,1
https://notion.so/checkout/cart,0
https://who.int/support/tickets/123,0
http://fedex.rest/security-check,1
https://airbnb.com/support/tickets/123,0
https://support.youtube.com/login,0
http://szth1inslh-j1jl.buzz/recover,1
https://bankofamerica.com/about,0
https://salesforce.com,0
http://verification-verification-irs-auth-5m8.club/verification/verification.html,1
http://billing-whatsapp-v8wz.men/download/invoice.msi,1
http://64.66.34.121/fedex/signin.php,1
http://signin-bankofamerica-xanb.quest/download/invoice.scr,1
https://mail.ebay.com/account/profile,0
https://notion.so/news/today,0
http://recover-apple-jjhn.click/download/invoice.msi,1
http://xn--dhl-fnxe.cf/verification,1
http://support-usps-rtki.icu/download/invoice.apk,1
https://medium.com/account/profile,0
https://irs.gov/home,0
http://support-confirm-adobe-team-jco.xyz/support/confirm.html,1
https://wellsfargo.com/docs/api/v2?page=5smj,0
http://suspend-support-linkedin-info-lur.gq/suspend/support.html,1
http://session-hee7.buzz/click?next=http://whatsapp-secure.buzz,1
https://chase.com/account/profile,0
http://signin-netflix-t98f.club/download/invoice.zip,1
http://xn--apple-pfm5.monster/login,1
https://support.linkedin.com/home,0
http://update-support-netflix-service-1xj.men/update/support.html,1
http://unlock-paypal-vrvi.rest/download/invoice.exe,1
http://paypal.com/alert,1
http://user-j1wb.cf/click?redirect=http://linkedin-signin.cf,1
http://226.98.122.98/coinbase/login.php,1
https://wordpress.com/help/faq,0
https://bankofamerica.com/products,0
https://spotify.com/checkout/cart?id=5yhp,0
https://docs.spotify.com/contact-us,0
https://github.com/,0
https://adobe.com/blog/2025/09/article?lang=p6r0,0
https://paypal.com/account/profile,0
https://bankofamerica.com/careers,0
https://docs.adobe.com/user/settings,0
https://zoom.us,0
https://nytimes.com/search?q=test,0
http://xn--bankofamerica-pfus.gq/wallet,1
https://shop.twitch.tv/careers?page=qirr,0
https://dropbox.com/account/profile,0
https://netflix.com/,0
http://recover-microsoft-billing-lrin.monster/signin,1
https://support.shopify.com/about,0
http://xn--netflix-1qrm.link/verification,1
http://verify-google-f94i.loan/download/invoice.jar,1
http://242.56.156.155/bankofamerica/account.php,1
http://75.192.247.11/adobe/reset.php,1
https://wikipedia.org/contact-us,0
https://canva.com/docs/api/v2,0
https://paypal.com/help/faq?page=p8ow,0
http://xn--whatsapp-ur4c.loan/recover,1
https://harvard.edu/help/faq?id=h4pn,0
https://canva.com,0
https://amazon.com/home,0
https://salesforce.com/login,0
https://shop.harvard.edu/blog/2025/09/article,0
https://mail.paypal.com/careers,0
https://canva.com/support/tickets/123,0
http://6h4rfwfwly-m8qb.quest/invoice,1
http://alert-chase-6tmf.gq/download/invoice.scr,1
http://netfilx.com/support,1
http://187.15.226.166/dhl/recover.php,1
https://mit.edu/careers,0
http://whatsapp.login-xac0g.xyz/account,1
http://w5flgsz4fq-yp60.quest/reset,1
https://apple.com/careers,0
http://cutt.ly/mj1bmfd,1
https://netflix.com/products,0
https://bankofamerica.com/home,0
http://confirm-whatsapp-suspend-4rg1.buzz/login,1
http://165.148.43.200/netflix/secure.php,1
http://adobbe.xyz/support,1
https://amazon.com/about,0
https://api.google.com/about,0
http://wallet-billing-google-team-xs3.top/wallet/billing.html,1
http://wellsfago.com/secure,1
https://medium.com/user/settings,0
https://microsoft.com/user/settings,0
http://verify-login-irs-center-5wd.link/verify/login.html,1
http://update-outlook-hdlj.quest/download/invoice.msi,1
http://xn--coinbase-9r4i.buzz/billing,1
http://53ykvuankw-ae5n.xyz/secure,1
https://api.stackoverflow.com/user/settings,0
http://web-1q8q.monster/click?goto=http://whatsapp-account.monster,1
http://suspend-secure-dropbox-info-1l6.click/suspend/secure.html,1
https://shop.medium.com/user/settings,0
https://khanacademy.org/news/today,0
https://amazon.com/products,0
http://security-check-amazon-rvtd.quest/download/invoice.jar,1
http://alert-google-reset-ldhz.gq/login,1
https://booking.com,0
http://signin-apple-tv37.tk/download/invoice.scr,1
https://who.int/login,0
http://signin-recover-netflix-user-qdr.monster/signin/recover.html,1
https://usps.com/checkout/cart,0
https://usps.com/careers?page=ozpt,0
http://2x6uxf062q-cdp9.men/wallet,1
http://72.140.219.105/apple/verification.php,1
https://github.com,0
http://tinyurl.com/4azoiwc,1
https://zoom.us/blog/2025/09/article,0
https://github.com/help/faq,0
https://shop.twitch.tv/search?q=test,0
https://salesforce.com/,0
http://bit.ly/4ejnezy,1
http://cutt.ly/pb42099,1
https://bbc.com/blog/2025/09/article?page=p2s2,0
https://wordpress.com/checkout/cart,0
http://usps.com/wallet,1
https://shop.wellsfargo.com/news/today,0
http://xn--apple-vdp8.cf/login,1
https://who.int/,0
http://portal-y6me.men/click?redirect=http://bankofamerica-recover.men,1
http://rebrand.ly/jaix6kx,1
http://drpbox.net/recover,1
https://netflix.com/checkout/cart,0
https://apple.com/about,0
https://canva.com/about,0
https://shopify.com/search?q=test,0
http://xn--irs-hmbb.gq/recover,1
http://tinyurl.com/wecjxvw,1
https://wikipedia.org/products?ref=5mgc,0
http://feex.com/reset,1
https://coinbase.com/,0
http://session-scdm.xyz/click?url=http://usps-account.xyz,1
http://cutt.ly/omk17mf,1
http://tinyurl.com/hb4k972,1
https://spotify.com/pricing,0
https://booking.com/contact-us,0
https://www.spotify.com/about,0
http://login-wellsfargo-ild4.buzz/download/invoice.exe,1
https://wellsfargo.com/help/faq?ref=8lzb,0
https://irs.gov/news/today,0
https://khanacademy.org/login,0
https://twitch.tv/user/settings?lang=mtyg,0
http://wellsfargo.login-a3h1p.info/account,1
http://unlock-coinbase-confirm-izbh.xyz/login,1
https://airbnb.com/,0
https://irs.gov/contact-us,0
https://shop.amazon.com/support/tickets/123,0
https://usps.com/home,0
http://invoice-security-check-bankofamerica-id-nam.icu/invoice/security-check.html,1
https://khanacademy.org/about,0
http://service-onzs.win/click?goto=http://dhl-alert.win,1
http://fedeex.net/confirm,1
http://dhli.com/account,1
http://bit.ly/166v18t,1
https://medium.com/about?lang=r7eq,0
https://github.com/search?q=test,0
http://xn--instagram-rz12.men/billing,1
http://t6e0p7sp09-dymu.icu/account,1
https://wellsfargo.com/news/today,0
http://ebay.signin-qjl4n.info/account,1
http://bit.ly/gznnhsl,1
http://xn--adobe-rgap.link/account,1
https://irs.gov/user/settings,0
https://who.int/support/tickets/123,0
https://ebay.com/home,0
http://at8r8ct2nh-8fwy.ml/unlock,1
http://go0gle.com/support,1
https://shop.netflix.com/products?id=2wnj,0
http://usps.net/verification,1
https://irs.gov/products,0
https://twitch.tv,0
https://amazon.com/careers,0
https://wordpress.com/home,0
https://airbnb.com/docs/api/v2?ref=67jh,0
https://www.booking.com/pricing,0
https://wikipedia.org/blog/2025/09/article,0
http://facebo0k.com/unlock,1
http://62.154.134.74/dhl/wallet.php,1
http://signin-usps-hgp2.ml/download/invoice.apk,1
http://9n6q9620n7-bjb4.men/account,1
http://team-71gy.top/click?continue=http://adobe-login.top,1
https://shop.fedex.com/support/tickets/123,0
http://update-usps-update-17ew.club/signin,1
https://nytimes.com/blog/2025/09/article?page=0prk,0
https://microsoft.com/careers,0
https://coinbase.com/help/faq,0
https://spotify.com/login?lang=9rhi,0
http://suspend-amazon-recover-kzeo.work/verify,1
https://slack.com/contact-us?id=ygux,0
https://reddit.com/user/settings,0
https://amazon.com/checkout/cart,0
http://y7dyemqxzt-38rz.monster/suspend,1
https://notion.so/pricing,0
http://bit.ly/82w0q03,1
http://9myxlam2x7-matv.loan/wallet,1
https://microsoft.com/support/tickets/123,0
http://xn--amazon-nm08.win/verification,1
https://ebay.com/docs/api/v2,0
https://nytimes.com/pricing,0
http://reset-dropbox-rubv.icu/download/invoice.exe,1
https://airbnb.com/,0
http://wel1sfargo.net/support,1
http://xn--whatsapp-0cno.monster/reset,1
http://cutt.ly/75nyzi2,1
http://irs.billing-mpk0h.info/account,1
https://support.google.com/support/tickets/123,0
http://portal-1zlf.tk/click?url=http://linkedin-login.tk,1
https://ebay.com/products,0
https://apple.com/login,0
http://xn--apple-iwt2.work/invoice,1
https://airbnb.com/about,0
http://service-1oto.quest/click?redirect=http://microsoft-update.quest,1
http://app-9zxx.loan/click?redirect=http://adobe-verification.loan,1
https://adobe.com/home,0
http://zplhhzcs3k-jbuo.top/unlock,1
https://harvard.edu/careers,0
http://0x1fqivw32-8kcv.click/security-check,1
https://canva.com/login,0
http://213.86.196.119/linkedin/secure.php,1
https://booking.com/home,0
https://support.spotify.com/checkout/cart,0
https://irs.gov/blog/2025/09/article,0
https://ebay.com/news/today,0
http://netflx.net/login,1
https://docs.bankofamerica.com,0
http://qethzppqr2-sor0.cf/signin,1
http://billing-usps-invoice-z86o.tk/signin,1
http://qf6t9usoj7-309n.xyz/secure,1
https://booking.com/news/today,0
http://appel.com/secure,1
http://info-xhvp.top/click?url=http://outlook-wallet.top,1
http://bit.ly/oqn6bta,1
https://mit.edu/contact-us?page=m4w2,0
http://ebay.support-s813x.xyz/account,1
https://medium.com/careers,0
http://update-netflix-qnae.icu/download/invoice.jar,1
https://canva.com/docs/api/v2?ref=sbuq,0
https://shop.netflix.com/blog/2025/09/article,0
http://verification-reset-paypal-center-z24.top/verification/reset.html,1
https://shopify.com/help/faq,0
http://rebrand.ly/by41nvp,1
https://harvard.edu/news/today,0
https://mit.edu/,0
https://canva.com,0
http://billing-bankofamerica-recover-4j72.click/signin,1
http://6c85g0jptf-yqom.click/verification,1
https://bbc.com/products,0
http://12.243.243.133/bankofamerica/signin.php,1
http://h5khogswev-hxfc.cf/signin,1
https://mail.medium.com/user/settings,0
https://paypal.com/search?q=test,0
http://facebook.net/verification,1
https://reddit.com/careers,0
http://xn--amazon-dhjg.click/login,1
https://chase.com/contact-us,0
https://slack.com/login,0
https://twitch.tv/home,0
https://linkedin.com?ref=v3cg,0
http://security-check-invoice-chase-info-kga.icu/security-check/invoice.html,1
http://linkedin.support-esvys.info/account,1
http://wallet-suspend-facebook-online-7eo.tk/wallet/suspend.html,1
http://verify-wellsfargo-z2az.buzz/download/invoice.apk,1
https://booking.com/about,0
http://reset-usps-5k74.buzz/download/invoice.apk,1
https://who.int/help/faq,0
http://user-ftjw.click/click?redirect=http://netflix-update.click,1
http://j4g82t0dmn-v9ky.cf/confirm,1
http://wellsfarrgo.net/secure,1
https://bbc.com/checkout/cart,0
http://online-3a7o.men/click?continue=http://amazon-invoice.men,1
https://mail.khanacademy.org/search?q=test,0
https://salesforce.com/search?q=test,0
https://fedex.com,0
https://youtube.com/login,0
https://airbnb.com/checkout/cart,0
http://bankoamerica.xyz/unlock,1
http://portal-p46r.win/click?goto=http://linkedin-security-check.win,1
https://airbnb.com,0
https://dropbox.com/account/profile,0
http://rebrand.ly/om7lasx,1
https://shop.github.com/user/settings,0
http://dr0pbox.net/secure,1
https://salesforce.com/about,0
https://usa.gov/login,0
http://eaby.com/verify,1
http://secure-google-invoice-7yps.xyz/signin,1
https://apple.com/checkout/cart,0
http://invoice-fedex-login-w4je.win/signin,1
http://193.109.8.132/bankofamerica/verification.php,1
http://verification-alert-linkedin-session-w8s.link/verification/alert.html,1
https://mail.salesforce.com/help/faq,0
http://166.85.211.44/bankofamerica/support.php,1
http://dropbox.unlock-98gj8.xyz/account,1
http://service-hd8d.xyz/click?continue=http://chase-support.xyz,1
http://121.84.222.40/irs/invoice.php,1
http://adobe.support-v72pm.xyz/account,1
https://cloudflare.com/products,0
http://xn--netflix-szfm.cf/verify,1
https://canva.com/,0
http://feex.net/wallet,1
http://verify-dropbox-invoice-61bg.buzz/verify,1
http://dropbox.reset-h9bdo.info/account,1
http://xn--linkedin-2ais.top/signin,1
http://netflix.secure-ecskq.xyz/account,1
http://appe.com/login,1
https://adobe.com/user/settings,0
http://update-dhl-signin-xr3p.click/verify,1
http://bit.ly/dw05rfn,1
http://omvw2a52pg-kngu.quest/wallet,1
https://amazon.com/careers,0
https://apple.com/blog/2025/09/article,0
https://wordpress.com/news/today,0
http://9gals9a9xw-36ca.top/support,1
https://usa.gov/home,0
https://adobe.com/search?q=test?lang=neu4,0
http://99.35.112.226/coinbase/update.php,1
http://reset-unlock-netflix-id-h13.top/reset/unlock.html,1
http://microsoft.account-okzs0.xyz/account,1
https://wordpress.com/blog/2025/09/article,0
https://docs.usps.com,0
http://alert-fedex-iaf4.top/download/invoice.jar,1
http://web-hat8.tk/click?dest=http://adobe-verify.tk,1
http://148.250.49.180/netflix/update.php,1
http://invoice-chase-1dt5.rest/download/invoice.zip,1
https://irs.gov/user/settings,0
http://44.23.49.186/apple/wallet.php,1
http://wellsfarrgo.net/unlock,1
http://signin-apple-l7yh.gq/download/invoice.zip,1
https://api.coinbase.com/about,0
https://google.com/home,0
http://portal-o29f.cf/click?dest=http://wellsfargo-support.cf,1
http://bit.ly/y96mk3x,1
https://www.figma.com/news/today,0
https://github.com/,0
http://account-bankofamerica-36sr.win/download/invoice.zip,1
http://suspend-alert-coinbase-info-v3j.loan/suspend/alert.html,1
http://bit.ly/81tqkzs,1
https://wellsfargo.com/pricing,0
https://bankofamerica.com/contact-us,0
https://reddit.com/products,0
https://adobe.com/products,0
https://zoom.us/docs/api/v2,0
http://usps.login-bno7i.com-secure.net/account,1
https://airbnb.com/,0
http://aamzon.com/verify,1
https://canva.com/user/settings,0
http://app-f9cd.work/click?dest=http://netflix-signin.work,1
http://reset-whatsapp-wallet-2rym.buzz/signin,1
https://medium.com/news/today?ref=z6rx,0
https://mail.mit.edu/news/today,0
http://aobe.loan/signin,1
https://airbnb.com,0
https://chase.com/about,0
http://recover-outlook-billing-3vt8.ml/signin,1
http://info-ns6v.win/click?goto=http://ebay-update.win,1
http://service-8gn2.buzz/click?dest=http://paypal-update.buzz,1
https://airbnb.com/blog/2025/09/article?lang=csmc,0
http://170.234.227.29/microsoft/suspend.php,1
http://51izn2t8tv-o60j.ml/billing,1
https://wellsfargo.com/search?q=test,0
https://google.com/support/tickets/123,0
http://login-fedex-suspend-ymw8.xyz/login,1
http://wallet-recover-adobe-auth-ou4.tk/wallet/recover.html,1
https://usa.gov/search?q=test,0
https://google.com/home,0
http://istagram.com/account,1
https://bankofamerica.com/help/faq,0
http://account-netflix-zyqx.icu/download/invoice.jar,1
https://coursera.org/account/profile,0
https://www.notion.so/pricing,0
https://microsoft.com/careers,0
https://slack.com/careers?lang=uetc,0
http://center-sb9z.click/click?redirect=http://apple-suspend.click,1
http://153.108.197.167/coinbase/account.php,1
http://alert-netflix-anwi.loan/download/invoice.exe,1
https://mail.khanacademy.org/home,0
https://netflix.com/about,0
http://adobe.secure-gyyfb.com-secure.net/account,1
https://coursera.org/help/faq,0
https://usa.gov/home,0
http://bit.ly/t8waljc,1
https://adobe.com/search?q=test,0
https://ebay.com/blog/2025/09/article,0
https://slack.com/help/faq,0
https://who.int/support/tickets/123?page=kdju,0
http://cutt.ly/1z1jfwe,1
https://apple.com/pricing,0
https://docs.figma.com/login,0
http://xn--bankofamerica-dy72.ml/secure,1
https://dropbox.com/pricing,0
https://support.wikipedia.org/support/tickets/123,0
http://237.68.181.57/adobe/signin.php,1
https://usa.gov/home,0
http://38.72.24.156/microsoft/invoice.php,1
https://usps.com/home,0
http://microsooft.net/verify,1
https://coinbase.com/help/faq,0
https://harvard.edu/news/today?page=yqfh,0
http://id-eef9.monster/click?next=http://instagram-security-check.monster,1
https://who.int/blog/2025/09/article,0
https://medium.com/account/profile,0
https://wikipedia.org/home,0
https://notion.so/account/profile,0
http://update-usps-2rjj.club/download/invoice.zip,1
https://docs.reddit.com/news/today,0
http://wellsfargo.net/suspend,1
http://account-dropbox-2yi9.xyz/download/invoice.exe,1
https://figma.com/account/profile,0
https://fedex.com/home,0
http://secure-account-chase-web-set.quest/secure/account.html,1
http://signin-invoice-chase-session-aw9.quest/signin/invoice.html,1
https://airbnb.com/docs/api/v2,0
http://update-microsoft-zhrs.buzz/download/invoice.zip,1
http://xn--adobe-75n0.cf/update,1
https://linkedin.com/contact-us?id=haia,0
http://amazon.recover-baest.com-secure.net/account,1
https://medium.com/,0
http://billing-chase-coqz.win/download/invoice.msi,1
http://bnakofamerica.click/update,1
http://signin-instagram-verify-irr4.click/login,1
http://alert-amazon-j6xc.quest/download/invoice.apk,1
https://usa.gov/home,0
http://234.249.219.129/wellsfargo/verify.php,1
http://xn--ebay-8bc9.icu/reset,1
https://slack.com/news/today,0
https://wellsfargo.com/docs/api/v2,0
https://coinbase.com/support/tickets/123,0
http://d3ii88nrfn-owgm.icu/login,1
https://paypal.com/docs/api/v2,0
http://143.63.221.6/microsoft/unlock.php,1
http://xn--dhl-xojs.click/support,1
https://cloudflare.com/,0
http://login-whatsapp-unlock-1a14.tk/verify,1
http://150.204.197.151/netflix/recover.php,1
https://adobe.com/checkout/cart,0
http://84.188.215.205/chase/security-check.php,1
https://ebay.com/search?q=test,0
https://who.int/home,0
http://y9i4vf5v87-eqrr.rest/reset,1
http://linkdin.com/verification,1
https://salesforce.com/docs/api/v2,0
http://account-signin-dhl-id-77m.link/account/signin.html,1
https://bankofamerica.com/login,0
https://amazon.com/support/tickets/123,0
http://dhl.confirm-w062d.xyz/account,1
http://verification-amazon-update-hn3v.loan/verify,1
https://shop.khanacademy.org/,0
https://khanacademy.org/login,0
https://cloudflare.com/contact-us,0
http://225.54.195.56/paypal/unlock.php,1
http://recover-adobe-f9gu.quest/download/invoice.exe,1
https://chase.com/careers,0
http://xn--paypal-ctrj.tk/wallet,1
http://86.170.67.160/google/recover.php,1
https://coinbase.com/news/today,0
https://irs.gov/help/faq,0
http://login-netflix-reset-see8.icu/verify,1
https://mit.edu/products,0
http://26.34.26.41/amazon/billing.php,1
http://cutt.ly/53a7omx,1
http://uspps.click/update,1
http://linkedin.wallet-b6ciz.info/account,1
https://notion.so/search?q=test,0
https://canva.com/checkout/cart,0
http://193.170.36.14/apple/wallet.php,1
https://wellsfargo.com/search?q=test,0
http://230.2.152.152/facebook/verify.php,1
http://amazon.verification-3hgjs.info/account,1
https://zoom.us/support/tickets/123,0
http://xn--microsoft-kqzs.link/invoice,1
https://bbc.com/products,0
https://mail.medium.com/about,0
https://twitch.tv/user/settings,0
https://wikipedia.org,0
https://airbnb.com/user/settings,0
http://tinyurl.com/nwbi2hy,1
http://rebrand.ly/xe9wq8p,1
http://xn--netflix-k664.icu/confirm,1
https://salesforce.com/docs/api/v2,0
http://1r7kma67iu-7z6r.cf/verify,1
http://69rf6nqn3q-ch7l.cf/confirm,1
https://coursera.org/user/settings,0
https://docs.ebay.com/checkout/cart,0
http://help-39no.gq/click?dest=http://ebay-billing.gq,1
http://confirm-microsoft-unlock-pr00.loan/login,1
https://who.int/docs/api/v2,0
http://eay.net/wallet,1
http://center-n3a7.xyz/click?url=http://outlook-invoice.xyz,1
https://fedex.com/account/profile,0
http://login-usps-reset-e3kz.monster/login,1
https://linkedin.com/home,0
https://usa.gov/login,0
http://xn--ebay-9jbx.icu/recover,1
http://112.216.173.98/coinbase/update.php,1
https://reddit.com/home,0
http://user-zmf9.cf/click?redirect=http://irs-billing.cf,1
https://notion.so/user/settings,0
https://chase.com/blog/2025/09/article?page=e786,0
https://chase.com/login,0
http://faceboook.net/support,1
http://108.227.107.118/dropbox/confirm.php,1
http://verify-support-whatsapp-info-gtl.work/verify/support.html,1
https://netflix.com/blog/2025/09/article,0
http://5.34.96.125/linkedin/invoice.php,1
https://usps.com/,0
https://who.int,0
https://mit.edu/search?q=test?lang=3pot,0
http://wellsfagro.com/verify,1
https://amazon.com/search?q=test,0
https://slack.com/careers,0
http://wallet-dhl-security-check-wmkh.club/verify,1
http://alert-verify-wellsfargo-online-se8.men/alert/verify.html,1
http://nvbwk97xr4-ap11.xyz/support,1
https://mit.edu/search?q=test,0
http://update-chase-billing-b5oo.monster/login,1
https://api.google.com/account/profile,0
http://dwxis3j90p-nodi.rest/update,1
https://amazon.com/about,0
http://h43082iat4-4qiu.club/wallet,1
https://coinbase.com/pricing,0
http://xn--outlook-j4wu.xyz/support,1
https://notion.so/?ref=bdh0,0
http://rebrand.ly/q0es2ru,1
http://eby.net/security-check,1
http://unlock-linkedin-reset-er98.work/signin,1
https://notion.so/checkout/cart,0
http://amzaon.com/invoice,1
https://salesforce.com/blog/2025/09/article,0
http://confirm-fedex-verify-2esy.click/signin,1
https://google.com/blog/2025/09/article,0
http://suspend-whatsapp-kvng.ml/download/invoice.zip,1
https://figma.com/products,0
http://portal-9vgy.click/click?url=http://irs-verify.click,1
https://wordpress.com/user/settings,0
https://usa.gov/user/settings,0
https://adobe.com/user/settings,0
https://youtube.com,0
http://coinbase.support-fi5sy.xyz/account,1
http://confirm-ebay-login-c3e1.click/signin,1
http://i450pbsr6n-0d9u.work/alert,1
https://notion.so/blog/2025/09/article,0
http://xn--whatsapp-o6g0.men/suspend,1
http://cutt.ly/c0xzw6j,1
https://stackoverflow.com/user/settings?lang=xf8m,0
https://salesforce.com/blog/2025/09/article?lang=foh3,0
https://microsoft.com/login,0
http://update-adobe-reset-f0bu.tk/signin,1
https://medium.com/?lang=2cdx,0
https://microsoft.com/user/settings,0
https://wellsfargo.com/blog/2025/09/article,0
http://bankofamerica.verify-z8d70.xyz/account,1
https://support.shopify.com/news/today,0
http://unlock-usps-account-0p4q.link/signin,1
http://fedex.signin-z74vb.xyz/account,1
https://docs.figma.com/checkout/cart,0
http://login-outlook-account-p44f.win/signin,1
http://m5srf2fu6h-bigp.loan/billing,1
http://bankoofamerica.net/suspend,1
https://irs.gov/account/profile,0
http://xn--dropbox-t1qh.men/wallet,1
https://twitch.tv/account/profile?ref=o8cl,0
http://chase.com/wallet,1
https://booking.com/help/faq,0
https://api.fedex.com/products?ref=5bly,0
https://shopify.com/user/settings,0
https://support.medium.com/account/profile,0
https://www.google.com/docs/api/v2,0
http://xn--bankofamerica-b56y.quest/unlock,1
http://wallet-google-support-0lac.rest/signin,1
https://usa.gov/help/faq,0
http://xn--whatsapp-wohq.top/billing,1
http://help-9qi0.xyz/click?redirect=http://apple-alert.xyz,1
https://booking.com/support/tickets/123,0
http://alert-bankofamerica-irc9.cf/download/invoice.apk,1
http://95.170.13.94/wellsfargo/signin.php,1
http://aazon.com/account,1
https://who.int/pricing,0
https://harvard.edu/,0
https://usa.gov/careers,0
http://cutt.ly/btudxcl,1
https://notion.so/blog/2025/09/article,0
https://who.int/checkout/cart,0
https://cloudflare.com/help/faq,0
http://25.252.235.201/instagram/invoice.php,1
https://wordpress.com,0
https://wellsfargo.com/products,0
https://adobe.com/home,0
http://secure-bankofamerica-tsy4.men/download/invoice.scr,1
https://usps.com/login,0
http://247.108.22.126/wellsfargo/alert.php,1
https://irs.gov/checkout/cart,0
https://bankofamerica.com/contact-us,0
http://user-331d.work/click?continue=http://wellsfargo-invoice.work,1
http://adobe.update-3qk6g.info/account,1
http://billing-netflix-secure-0ze4.cf/signin,1
http://instagram.reset-mn46w.info/account,1
https://usps.com/docs/api/v2,0
https://adobe.com/blog/2025/09/article,0
http://nvik74au0l-j4ea.ml/security-check,1
http://amazon.net/unlock,1
https://canva.com/login,0
https://coinbase.com/products,0
http://unlock-adobe-suspend-wgaw.win/signin,1
http://ggexvbpsk8-gena.icu/confirm,1
https://bankofamerica.com/pricing,0
http://login-irs-alert-z621.men/login,1
https://usa.gov/?lang=q3s1,0
http://case.cf/unlock,1
https://mit.edu/contact-us,0
http://paypaal.net/suspend,1
http://account-alert-adobe-portal-sjb.xyz/account/alert.html,1
http://xn--coinbase-8oie.loan/recover,1
https://twitch.tv/pricing,0
https://khanacademy.org/login,0
http://bankofamerica.signin-37vnz.xyz/account,1
http://confirm-paypal-ax08.work/download/invoice.scr,1
https://wikipedia.org/account/profile,0
https://wordpress.com/login?page=u0lm,0
http://xn--whatsapp-0vev.monster/confirm,1
http://wallet-linkedin-kj4v.click/download/invoice.scr,1
http://security-check-facebook-qftc.link/download/invoice.apk,1
http://suspend-irs-support-pn9f.rest/verify,1
https://wellsfargo.com/about,0
http://secure-support-irs-app-b4v.men/secure/support.html,1
https://booking.com/pricing,0
https://figma.com/support/tickets/123?lang=ufh0,0
https://chase.com/checkout/cart?id=vouu,0
https://harvard.edu/docs/api/v2,0
http://250.108.106.49/whatsapp/recover.php,1
http://verify-reset-linkedin-auth-lei.click/verify/reset.html,1
http://rebrand.ly/b6k8z5f,1
https://chase.com,0
https://microsoft.com/,0
https://apple.com/pricing,0
https://docs.wordpress.com/login,0
http://alert-adobe-n9qu.ml/download/invoice.exe,1
https://stackoverflow.com/blog/2025/09/article,0
http://0o3ogbb8h5-7wkj.gq/login,1
http://netflxi.link/confirm,1
https://wellsfargo.com/search?q=test,0
https://who.int/careers,0
http://signin-fedex-my5j.buzz/download/invoice.zip,1
http://36.67.180.207/wellsfargo/recover.php,1
https://harvard.edu/checkout/cart,0
https://harvard.edu/help/faq?page=0xpj,0
https://apple.com/login,0
http://173.48.62.191/instagram/invoice.php,1
http://signin-verify-dhl-team-xry.tk/signin/verify.html,1
https://netflix.com/pricing,0
https://bankofamerica.com/news/today,0
http://team-aosc.work/click?url=http://dropbox-unlock.work,1
http://dropbox.billing-1e2av.com-secure.net/account,1
http://tinyurl.com/ra1ww29,1
https://airbnb.com/about,0
http://rebrand.ly/u3zk549,1
http://cutt.ly/t4m8jci,1
http://13003b9b0f-itp6.loan/support,1
https://spotify.com/careers,0
https://mail.wellsfargo.com,0
https://coursera.org/account/profile,0
https://coursera.org,0
https://mail.paypal.com/contact-us,0
https://coinbase.com/account/profile,0
https://www.linkedin.com/account/profile,0
http://support-update-whatsapp-id-5u7.monster/support/update.html,1
http://xn--google-j20f.club/recover,1
http://login-outlook-verify-hxal.monster/verify,1
https://cloudflare.com/support/tickets/123,0
https://medium.com/home,0
http://eo89xdnslm-0kic.men/signin,1
http://billing-account-dhl-web-o2i.men/billing/account.html,1
http://irs.verify-k65rk.xyz/account,1
http://support-irs-unlock-982u.buzz/signin,1
https://usps.com/news/today,0
http://wallet-chase-sitv.monster/download/invoice.jar,1
https://twitch.tv/help/faq,0
https://support.stackoverflow.com/,0
https://google.com/news/today,0
https://airbnb.com/user/settings,0
http://login-chase-nztf.ml/download/invoice.zip,1
https://apple.com/contact-us?ref=0niw,0
https://cloudflare.com/news/today,0
https://usa.gov/pricing,0
http://bit.ly/mygr827,1
https://coursera.org/checkout/cart,0
https://usps.com/products,0
http://xn--google-kgf0.quest/support,1
https://ebay.com/products,0
http://m874sckins-yett.gq/support,1
https://chase.com/products,0
https://shop.usa.gov/search?q=test,0
https://bbc.com/support/tickets/123,0
https://google.com/about,0
http://istagram.com/secure,1
http://account-amazon-uedi.click/download/invoice.exe,1
http://168.10.48.176/amazon/signin.php,1
https://twitch.tv/pricing,0
http://txqx04jzwv-yhl3.work/verify,1
https://wikipedia.org/pricing,0
https://spotify.com/support/tickets/123,0
https://who.int/help/faq,0
https://adobe.com/docs/api/v2,0
https://adobe.com,0
https://wikipedia.org/contact-us,0
http://xn--bankofamerica-0zk8.icu/verify,1
https://reddit.com/about,0
http://xn--apple-u645.link/security-check,1
http://secure-usps-gxp9.quest/download/invoice.msi,1
https://irs.gov/,0
https://zoom.us/news/today?lang=tbzq,0
http://xn--dropbox-pk91.men/confirm,1
http://verification-dhl-uem4.win/download/invoice.exe,1
https://netflix.com/blog/2025/09/article,0
https://paypal.com/login,0
http://rebrand.ly/9jhjfv1,1
http://bit.ly/yjgf82k,1
http://verify-coinbase-cjgy.top/download/invoice.zip,1
https://amazon.com/login,0
http://paypal.confirm-63hxy.info/account,1
https://canva.com/home,0
http://205.197.35.55/dropbox/suspend.php,1
https://coinbase.com/user/settings,0
https://reddit.com/login,0
http://irs.secure-hd253.com-secure.net/account,1
http://account-alert-adobe-team-lbz.loan/account/alert.html,1
http://199.21.158.5/bankofamerica/security-check.php,1
https://coinbase.com/products,0
http://15rzi5idvn-zteg.click/recover,1
http://amazon.reset-1gfii.com-secure.net/account,1
http://unlock-signin-apple-team-evi.cf/unlock/signin.html,1
https://khanacademy.org/search?q=test,0
https://airbnb.com/help/faq,0
http://verification-whatsapp-dxuj.link/download/invoice.apk,1
http://wallet-dhl-dpho.quest/download/invoice.msi,1
http://alert-coinbase-v8xh.quest/download/invoice.msi,1
https://twitch.tv/home,0
http://mnl03lqryo-h2kr.xyz/login,1
http://fedeex.com/suspend,1
https://netflix.com/search?q=test,0
http://160.114.19.109/chase/reset.php,1
http://verification-ebay-support-m3aq.icu/verify,1
http://support-coinbase-7tqv.club/download/invoice.zip,1
http://user-5fvw.buzz/click?url=http://fedex-recover.buzz,1
https://support.spotify.com/account/profile?ref=236i,0
https://twitch.tv/user/settings,0
http://micrsooft.net/wallet,1
http://56.164.96.118/instagram/account.php,1
https://fedex.com/home,0
http://xn--whatsapp-1h4g.win/security-check,1
http://rebrand.ly/31yhcb6,1
http://xn--paypal-5ods.top/wallet,1
https://twitch.tv/home,0
http://n76csqedsd-rpew.top/invoice,1
http://unlock-amazon-confirm-k3l4.quest/verify,1
https://microsoft.com/search?q=test,0
https://support.apple.com/checkout/cart,0
http://verification-coinbase-support-trw3.tk/verify,1
https://microsoft.com/support/tickets/123?lang=277k,0
http://xn--linkedin-rt35.link/recover,1
https://who.int/login,0
https://usps.com/careers,0
https://youtube.com/account/profile?page=d47w,0
http://rebrand.ly/r2fan6b,1
http://center-yoco.monster/click?dest=http://linkedin-login.monster,1
http://update-ebay-alert-5abd.click/login,1
https://reddit.com/careers?lang=oeqx,0
https://coursera.org/checkout/cart,0
https://slack.com/news/today,0
http://linkedin.invoice-j356k.com-secure.net/account,1
http://bankofamerica.com/secure,1
https://www.notion.so?lang=3z5t,0
http://whattsapp.com/billing,1
https://chase.com/user/settings,0
http://18.252.97.35/apple/account.php,1
http://ziza373dfd-rgvg.monster/suspend,1
http://invoice-instagram-byfv.click/download/invoice.msi,1
https://linkedin.com/products,0
http://8c2n36eweu-5d9t.quest/verify,1
http://linkeddin.rest/alert,1
https://spotify.com/about,0
https://support.shopify.com/blog/2025/09/article,0
http://bankofamerica.invoice-h4jim.xyz/account,1
https://reddit.com/careers,0
https://cloudflare.com/account/profile,0
https://github.com/blog/2025/09/article,0
https://harvard.edu/pricing,0
http://signin-wellsfargo-account-eflj.monster/login,1
https://api.zoom.us/login,0
http://whatsapp.suspend-yk12u.com-secure.net/account,1
https://notion.so/,0
https://paypal.com,0
https://shopify.com/support/tickets/123,0
http://coinbsae.com/verify,1
http://feedex.gq/suspend,1
http://help-xmr0.gq/click?dest=http://whatsapp-secure.gq,1
http://update-adobe-account-siyx.loan/login,1
https://netflix.com/user/settings,0
https://amazon.com/login,0
https://wellsfargo.com/user/settings,0
https://support.harvard.edu/about?lang=z5by,0
https://fedex.com/news/today,0
https://paypal.com/support/tickets/123,0
http://session-tgjj.club/click?dest=http://dropbox-login.club,1
http://9eysn7ng9r-e01u.win/unlock,1
http://bit.ly/5g390cg,1
http://220.168.209.69/paypal/reset.php,1
http://bit.ly/ibivzgn,1
http://portal-5g41.icu/click?continue=http://ebay-confirm.icu,1
http://1z0azd0wi3-rbmn.buzz/support,1
https://amazon.com/docs/api/v2,0
https://airbnb.com/careers,0
https://bbc.com/user/settings,0
https://wikipedia.org/login,0
http://cutt.ly/cxhcm98,1
https://irs.gov/pricing,0
http://amzon.xyz/account,1
https://wikipedia.org/docs/api/v2,0
https://netflix.com/?id=h330,0
http://verify-coinbase-9owa.link/download/invoice.msi,1
http://108.180.83.248/dhl/invoice.php,1
http://app-3si9.ml/click?continue=http://apple-suspend.ml,1
http://chase.verification-b62zd.com-secure.net/account,1
https://mail.bbc.com,0
https://shopify.com/search?q=test,0
http://portal-uc05.icu/click?url=http://whatsapp-suspend.icu,1
https://khanacademy.org/contact-us,0
http://online-hbqu.club/click?url=http://dhl-recover.club,1
https://github.com/support/tickets/123?lang=5g1x,0
https://salesforce.com/checkout/cart,0
http://cutt.ly/1xpvlmi,1
http://invoice-apple-6q8y.click/download/invoice.jar,1
https://dropbox.com/docs/api/v2?id=5ztk,0
https://google.com/search?q=test,0
https://fedex.com,0
http://amazon.secure-xdge4.xyz/account,1
https://mit.edu/blog/2025/09/article?lang=v1ga,0
https://twitch.tv/help/faq,0
https://apple.com/account/profile?page=83z0,0
http://recover-wallet-dropbox-info-f5b.icu/recover/wallet.html,1
https://who.int/account/profile,0
http://invoice-dropbox-unlock-1fxs.buzz/verify,1
https://ebay.com/checkout/cart,0
https://mail.usa.gov/home,0
http://suspend-support-paypal-auth-ak7.click/suspend/support.html,1
http://verify-chase-secure-o08c.tk/login,1
https://docs.google.com/login?ref=js2m,0
https://github.com/pricing,0
https://youtube.com/careers,0
https://figma.com/pricing,0
http://verification-signin-amazon-online-cop.link/verification/signin.html,1
https://notion.so/products,0
http://xn--instagram-kcw0.monster/confirm,1
https://wordpress.com/docs/api/v2,0
https://irs.gov/home,0
http://tinyurl.com/o5vmfgh,1
http://info-jfkl.xyz/click?dest=http://amazon-alert.xyz,1
https://zoom.us,0
http://online-rf2r.men/click?redirect=http://paypal-support.men,1
https://coinbase.com/search?q=test,0
http://39.2.87.243/bankofamerica/recover.php,1
https://amazon.com/careers,0
http://cutt.ly/jciplbg,1
http://signin-usps-verification-um7m.ml/signin,1
https://support.reddit.com/user/settings,0
http://alert-instagram-fu8i.cf/download/invoice.scr,1
http://suspend-fedex-tfuv.win/download/invoice.apk,1
http://bit.ly/8bw8ohi,1
https://irs.gov/news/today,0
http://feddex.net/suspend,1
https://figma.com/products,0
http://recover-login-apple-help-oby.club/recover/login.html,1
https://youtube.com/,0
https://microsoft.com/checkout/cart,0
https://notion.so/blog/2025/09/article,0
http://fedex.support-d4v27.xyz/account,1
http://114.37.173.71/linkedin/update.php,1
http://unlock-google-di5e.cf/download/invoice.jar,1
https://fedex.com/help/faq,0
https://amazon.com/login,0
http://service-yda6.quest/click?continue=http://bankofamerica-wallet.quest,1
https://support.nytimes.com/blog/2025/09/article,0
https://github.com/home,0
http://129.88.193.112/netflix/confirm.php,1
http://amaazon.net/confirm,1
http://amth6eh44k-dm7v.cf/billing,1
https://amazon.com/home,0
https://linkedin.com/careers,0
https://linkedin.com/pricing,0
https://microsoft.com/login,0
https://wikipedia.org/pricing,0
https://chase.com/user/settings,0
http://xn--amazon-ap9b.buzz/billing,1
http://signin-verify-facebook-help-klg.monster/signin/verify.html,1
http://k0e4cubv8n-xmqw.quest/confirm,1
http://support-linkedin-login-onyl.men/signin,1
https://google.com/support/tickets/123?page=zk1d,0
https://cloudflare.com/about,0
http://3.76.23.41/chase/support.php,1
http://144.123.102.233/google/invoice.php,1
https://nytimes.com/user/settings,0
https://wordpress.com/about,0
https://docs.coinbase.com/blog/2025/09/article,0
http://aauytbxelm-5l8n.link/secure,1
http://invoice-wellsfargo-security-check-85up.gq/verify,1
https://docs.apple.com/home,0
https://github.com/,0
https://cloudflare.com/support/tickets/123,0
https://airbnb.com/blog/2025/09/article,0
http://chhase.win/update,1
https://www.fedex.com/login,0
http://security-check-instagram-signin-81lj.ml/login,1
https://usps.com/,0
https://medium.com/about,0
http://n3fmc2kkfg-n8yc.xyz/secure,1
http://update-reset-google-app-0cx.cf/update/reset.html,1
https://netflix.com/checkout/cart,0
https://irs.gov,0
http://bit.ly/alaiy7p,1
http://alert-amazon-sheu.xyz/download/invoice.scr,1
http://reset-outlook-update-4m0f.xyz/verify,1
http://support-netflix-wld4.buzz/download/invoice.apk,1
http://confirm-unlock-amazon-service-e1d.top/confirm/unlock.html,1
https://amazon.com/careers,0
http://eay.net/signin,1
http://cutt.ly/33hddhh,1
http://signin-unlock-outlook-portal-lca.icu/signin/unlock.html,1
https://mit.edu/user/settings,0
https://chase.com/login,0
https://nytimes.com/contact-us,0
https://wellsfargo.com/news/today,0
http://xn--facebook-tvc3.work/secure,1
http://139.92.150.40/amazon/security-check.php,1
http://whhatsapp.quest/verification,1
http://netflix.alert-su23b.com-secure.net/account,1
https://amazon.com/support/tickets/123,0
http://wellsfago.rest/secure,1
http://uh5gllj5yq-po93.ml/alert,1
https://shopify.com/home,0
https://www.salesforce.com/blog/2025/09/article,0
https://github.com/user/settings,0
http://xn--apple-zy0y.buzz/verify,1
https://usps.com/about,0
https://mit.edu/blog/2025/09/article?id=2d7g,0
http://support-invoice-microsoft-user-lhw.icu/support/invoice.html,1
https://reddit.com/account/profile,0
http://u5ps.com/account,1
https://paypal.com/docs/api/v2,0
http://team-t4dg.gq/click?redirect=http://fedex-verification.gq,1
http://aukhckzi3c-zzs9.link/reset,1
http://usps.support-y8dqh.xyz/account,1
https://airbnb.com/contact-us,0
https://www.zoom.us/,0
http://appel.quest/unlock,1
http://confirm-netflix-reset-7e65.cf/login,1
https://salesforce.com/help/faq,0
http://p9hj4rnjju-vg2r.tk/unlock,1
https://airbnb.com/home,0
http://wallet-apple-wxe2.men/download/invoice.jar,1
https://slack.com/login,0
https://khanacademy.org/home,0
https://coinbase.com/pricing,0
http://110.132.75.68/chase/billing.php,1
http://wallet-dhl-invoice-imut.ml/verify,1
http://xn--dropbox-y1g6.loan/secure,1
http://xn--linkedin-enyd.loan/wallet,1
http://confirm-wellsfargo-sbii.monster/download/invoice.apk,1
http://146.231.20.202/apple/signin.php,1
https://google.com/support/tickets/123,0
http://verification-usps-jv39.link/download/invoice.scr,1
http://149.179.247.253/netflix/suspend.php,1
http://tinyurl.com/510dgrr,1
http://whatsapp.unlock-1fcxo.info/account,1
https://amazon.com/docs/api/v2,0
https://api.apple.com/about?id=i6qw,0
http://rebrand.ly/axci7f1,1
https://wellsfargo.com/news/today,0
https://canva.com/help/faq,0
http://security-check-adobe-signin-wixw.link/signin,1
https://mit.edu/home,0
http://xn--netflix-lnfx.xyz/recover,1
http://outtlook.net/login,1
https://paypal.com/account/profile,0
http://gsfcwl3y7h-749d.xyz/billing,1
http://wellsfarggo.buzz/invoice,1
https://salesforce.com/blog/2025/09/article,0
http://security-check-microsoft-zykd.win/download/invoice.msi,1
http://team-m4yy.click/click?continue=http://google-secure.click,1
https://api.adobe.com?ref=cve6,0
http://xn--amazon-jjtm.club/unlock,1
https://docs.chase.com/contact-us,0
http://eum25qlz1n-ku0o.men/reset,1
https://canva.com/user/settings,0
http://bit.ly/zxav82g,1
http://xn--coinbase-4y30.ml/secure,1
https://wikipedia.org/home?id=7ggo,0
